,,,,,,,,,,,,,,,,,,,,,,,,,,,,,,,,,,,,,,,,,,,,,,,,,,,,,,,,,
,"查詢條件：
[資料類型]指標-發生率
[統計值]年齡別率
[年度]1979-2010
[性別]男性及女性
[年齡]全部-
[鄉鎮]太保市, 
[癌症部位]口腔、口咽及下咽, 主唾液腺, 鼻咽, 消化器官及腹膜, 呼吸系統及胸腔內器..., 骨、關節及關節軟骨, 結締組織、皮下組織..., 皮膚, 女性乳房, 男性乳房, 女性生殖器官, 男性生殖器官, 泌尿器官, 眼及淚腺, 中樞神經系統, 內分泌腺, 其他分界不明的部位, 惡性淋巴瘤, 不明原發部位, 白血病, 其他, ",,,,,,,,,,,,,,,,,,,,,,,,,,,,,,,,,,,,,,,,,,,,,,,,,,,,,,,,
,,,,,,,,,,,,,,,,,,,,,,,,,,,,,,,,,,,,,,,,,,,,,,,,,,,,,,,,,
,"欄位說明：
分率=某特定癌症數÷總癌症數×100
粗率=（某特定癌症新診斷或死亡人數÷總人口數）×100000
年齡別率=（某年齡層癌症新診斷或死亡人數÷某年齡層人口數）×100000
標準化率=Σ（某特定年齡別率×該年齡層標準人口數）÷Σ（某特定年齡層標準人口數）×100000",,,,,,,,,,,,,,,,,,,,,,,,,,,,,,,,,,,,,,,,,,,,,,,,,,,,,,,,
,,,,,,,,,,,,,,,,,,,,,,,,,,,,,,,,,,,,,,,,,,,,,,,,,,,,,,,,,
,,,,,,,,,,,,,,,,,,,,,,,,,,,,,,,,,,,,,,,,,,,,,,,,,,,,,,,,,
,,,台灣男性每10萬人口年齡別發生率，1979年,,,,,,,,,,,,,,,,,,,,,,,,,,,,,,,,,,,,,,,,,,,,,,,,,,,,,,
,,,,,,,,,,,,,,,,,,,,,,,,,,,,,,,,,,,,,,,,,,,,,,,,,,,,,,,,,
,,,,,,,,,,,,,,,,,,,,,,,,,,,,,,,,,,,,,,,,,,,,,,,,,,,,,,,,,
,,,,診斷年齡,口腔癌,,白血病,,其他男性生殖器官,,直腸與肛門,,肺、支氣管及氣管,,結直腸癌,,,,,結締組織、皮下組織及其他軟組織,,,,,,,,,,,,,,,,,,,,,,,,,,,,,,,,,,,,,
,,,,,個案數,發生率,個案數,發生率,個案數,發生率,個案數,發生率,個案數,發生率,個案數,,,,發生率,個案數,,發生率,,,,,,,,,,,,,,,,,,,,,,,,,,,,,,,,,,,
,,,,0~4,,,1,70.32,,,,,,,,,,,,,,,,,,,,,,,,,,,,,,,,,,,,,,,,,,,,,,,,,
,,,,10~14,,,,,,,,,,,,,,,,1,,63.78,,,,,,,,,,,,,,,,,,,,,,,,,,,,,,,,,,,
,,,,45~49,,,,,1,145.77,,,,,,,,,,,,,,,,,,,,,,,,,,,,,,,,,,,,,,,,,,,,,,,
,,,,50~54,,,,,,,1,170.07,,,,,,,,,,,,,,,,,,,,,,,,,,,,,,,,,,,,,,,,,,,,,
,,,,55~59,1,239.23,,,,,,,,,,,,,,,,,,,,,,,,,,,,,,,,,,,,,,,,,,,,,,,,,,,
,,,,60~64,,,,,,,,,1,298.51,,,,,,,,,,,,,,,,,,,,,,,,,,,,,,,,,,,,,,,,,,,
,,,,65~69,,,,,,,,,2,634.92,,,,,,,,,,,,,,,,,,,,,,,,,,,,,,,,,,,,,,,,,,,
,,,,75~79,,,,,,,,,,,1,,,,1162.79,,,,,,,,,,,,,,,,,,,,,,,,,,,,,,,,,,,,,,
,,,,,,,,,,,,,,,,,,,,,,,,,,,,,,,,,,,,,,,,,,,,,,,,,,,,,,,,,
,,,,,,,,,,,,,,,,,,,,,,,,,,,,,,,,,,,,,,,,,,,,,,,,,,,,,,,,,
,,,台灣男性每10萬人口年齡別發生率，1980年,,,,,,,,,,,,,,,,,,,,,,,,,,,,,,,,,,,,,,,,,,,,,,,,,,,,,,
,,,,,,,,,,,,,,,,,,,,,,,,,,,,,,,,,,,,,,,,,,,,,,,,,,,,,,,,,
,,,,,,,,,,,,,,,,,,,,,,,,,,,,,,,,,,,,,,,,,,,,,,,,,,,,,,,,,
,,,,診斷年齡,肝及肝內膽管,,食道,,喉,,結直腸癌,,鼻咽,,,,,,,,,,,,,,,,,,,,,,,,,,,,,,,,,,,,,,,,,,,,
,,,,,個案數,發生率,個案數,發生率,個案數,發生率,個案數,發生率,個案數,發生率,,,,,,,,,,,,,,,,,,,,,,,,,,,,,,,,,,,,,,,,,,,
,,,,45~49,1,137.74,,,,,,,,,,,,,,,,,,,,,,,,,,,,,,,,,,,,,,,,,,,,,,,,,,,
,,,,50~54,,,,,1,158.73,,,3,476.19,,,,,,,,,,,,,,,,,,,,,,,,,,,,,,,,,,,,,,,,,,,
,,,,60~64,,,,,,,,,1,288.18,,,,,,,,,,,,,,,,,,,,,,,,,,,,,,,,,,,,,,,,,,,
,,,,70~74,,,,,,,1,512.82,,,,,,,,,,,,,,,,,,,,,,,,,,,,,,,,,,,,,,,,,,,,,
,,,,80~84,,,2,4081.63,,,,,,,,,,,,,,,,,,,,,,,,,,,,,,,,,,,,,,,,,,,,,,,,,
,,,,,,,,,,,,,,,,,,,,,,,,,,,,,,,,,,,,,,,,,,,,,,,,,,,,,,,,,
,,,,,,,,,,,,,,,,,,,,,,,,,,,,,,,,,,,,,,,,,,,,,,,,,,,,,,,,,
,,,台灣男性每10萬人口年齡別發生率，1981年,,,,,,,,,,,,,,,,,,,,,,,,,,,,,,,,,,,,,,,,,,,,,,,,,,,,,,
,,,,,,,,,,,,,,,,,,,,,,,,,,,,,,,,,,,,,,,,,,,,,,,,,,,,,,,,,
,,,,,,,,,,,,,,,,,,,,,,,,,,,,,,,,,,,,,,,,,,,,,,,,,,,,,,,,,
,,,,診斷年齡,口腔癌,,皮膚,,肝及肝內膽管,,肺、支氣管及氣管,,,,,,,,,,,,,,,,,,,,,,,,,,,,,,,,,,,,,,,,,,,,,,
,,,,,個案數,發生率,個案數,發生率,個案數,發生率,個案數,發生率,,,,,,,,,,,,,,,,,,,,,,,,,,,,,,,,,,,,,,,,,,,,,
,,,,50~54,2,295.86,,,1,147.93,,,,,,,,,,,,,,,,,,,,,,,,,,,,,,,,,,,,,,,,,,,,,,,
,,,,55~59,,,,,,,1,227.79,,,,,,,,,,,,,,,,,,,,,,,,,,,,,,,,,,,,,,,,,,,,,
,,,,60~64,,,1,262.47,,,,,,,,,,,,,,,,,,,,,,,,,,,,,,,,,,,,,,,,,,,,,,,,,
,,,,,,,,,,,,,,,,,,,,,,,,,,,,,,,,,,,,,,,,,,,,,,,,,,,,,,,,,
,,,,,,,,,,,,,,,,,,,,,,,,,,,,,,,,,,,,,,,,,,,,,,,,,,,,,,,,,
,,,台灣男性每10萬人口年齡別發生率，1982年,,,,,,,,,,,,,,,,,,,,,,,,,,,,,,,,,,,,,,,,,,,,,,,,,,,,,,
,,,,,,,,,,,,,,,,,,,,,,,,,,,,,,,,,,,,,,,,,,,,,,,,,,,,,,,,,
,,,,,,,,,,,,,,,,,,,,,,,,,,,,,,,,,,,,,,,,,,,,,,,,,,,,,,,,,
,,,,診斷年齡,口腔癌,,不明原發部位,,皮膚,,肝及肝內膽管,,其它淋巴瘤,,直腸與肛門,,,,,肺、支氣管及氣管,,,胃,,,食道,,,胰,,,結直腸癌,,睪丸,,鼻咽,,,,,,,,,,,,,,,,,,,,,
,,,,,個案數,發生率,個案數,發生率,個案數,發生率,個案數,發生率,個案數,發生率,個案數,,,,發生率,個案數,,發生率,個案數,,發生率,個案數,,發生率,個案數,,發生率,個案數,發生率,個案數,發生率,個案數,發生率,,,,,,,,,,,,,,,,,,,,
,,,,0~4,,,,,,,,,,,,,,,,,,,,,,,,,,,,,,1,64.98,,,,,,,,,,,,,,,,,,,,,,
,,,,25~29,,,,,,,1,74.46,,,,,,,,,,,,,,,,,,,,,,,,,,,,,,,,,,,,,,,,,,,,,
,,,,30~34,,,,,,,,,1,100.70,,,,,,,,,,,,,,,,,,,,,,,,,,,,,,,,,,,,,,,,,,,
,,,,40~44,,,,,,,,,,,,,,,,,,,,,,,,,1,,141.24,,,,,1,141.24,,,,,,,,,,,,,,,,,,,,
,,,,45~49,,,,,,,,,,,,,,,,1,,145.77,,,,,,,,,,,,,,,,,,,,,,,,,,,,,,,,,,,
,,,,50~54,,,1,144.93,,,,,,,1,,,,144.93,,,,,,,,,,,,,,,,,,,,,,,,,,,,,,,,,,,,,,
,,,,55~59,2,431.03,,,,,1,215.52,,,,,,,,,,,1,,215.52,,,,,,,,,,,,,,,,,,,,,,,,,,,,,,,,
,,,,60~64,,,,,,,2,527.70,,,,,,,,,,,,,,,,,,,,,,,,,,,,,,,,,,,,,,,,,,,,,
,,,,65~69,1,337.84,,,,,,,,,,,,,,,,,,,,,,,,,,1,337.84,,,,,,,,,,,,,,,,,,,,,,,,
,,,,70~74,,,,,1,427.35,,,,,,,,,,,,,1,,427.35,1,,427.35,,,,,,,,,,,,,,,,,,,,,,,,,,,,,
,,,,75~79,,,,,,,,,,,,,,,,,,,1,,909.09,,,,,,,,,,,,,,,,,,,,,,,,,,,,,,,,
,,,,,,,,,,,,,,,,,,,,,,,,,,,,,,,,,,,,,,,,,,,,,,,,,,,,,,,,,
,,,,,,,,,,,,,,,,,,,,,,,,,,,,,,,,,,,,,,,,,,,,,,,,,,,,,,,,,
,,,台灣男性每10萬人口年齡別發生率，1983年,,,,,,,,,,,,,,,,,,,,,,,,,,,,,,,,,,,,,,,,,,,,,,,,,,,,,,
,,,,,,,,,,,,,,,,,,,,,,,,,,,,,,,,,,,,,,,,,,,,,,,,,,,,,,,,,
,,,,,,,,,,,,,,,,,,,,,,,,,,,,,,,,,,,,,,,,,,,,,,,,,,,,,,,,,
,,,,診斷年齡,白血病,,肝及肝內膽管,,鼻咽,,,,,,,,,,,,,,,,,,,,,,,,,,,,,,,,,,,,,,,,,,,,,,,,
,,,,,個案數,發生率,個案數,發生率,個案數,發生率,,,,,,,,,,,,,,,,,,,,,,,,,,,,,,,,,,,,,,,,,,,,,,,
,,,,10~14,,,1,83.19,,,,,,,,,,,,,,,,,,,,,,,,,,,,,,,,,,,,,,,,,,,,,,,,,
,,,,40~44,,,1,141.64,,,,,,,,,,,,,,,,,,,,,,,,,,,,,,,,,,,,,,,,,,,,,,,,,
,,,,50~54,1,144.09,,,,,,,,,,,,,,,,,,,,,,,,,,,,,,,,,,,,,,,,,,,,,,,,,,,
,,,,65~69,,,,,2,634.92,,,,,,,,,,,,,,,,,,,,,,,,,,,,,,,,,,,,,,,,,,,,,,,
,,,,,,,,,,,,,,,,,,,,,,,,,,,,,,,,,,,,,,,,,,,,,,,,,,,,,,,,,
,,,,,,,,,,,,,,,,,,,,,,,,,,,,,,,,,,,,,,,,,,,,,,,,,,,,,,,,,
,,,台灣男性每10萬人口年齡別發生率，1984年,,,,,,,,,,,,,,,,,,,,,,,,,,,,,,,,,,,,,,,,,,,,,,,,,,,,,,
,,,,,,,,,,,,,,,,,,,,,,,,,,,,,,,,,,,,,,,,,,,,,,,,,,,,,,,,,
,,,,,,,,,,,,,,,,,,,,,,,,,,,,,,,,,,,,,,,,,,,,,,,,,,,,,,,,,
,,,,診斷年齡,肝及肝內膽管,,結直腸癌,,腦,,膀胱,,攝護腺,,,,,,,,,,,,,,,,,,,,,,,,,,,,,,,,,,,,,,,,,,,,
,,,,,個案數,發生率,個案數,發生率,個案數,發生率,個案數,發生率,個案數,發生率,,,,,,,,,,,,,,,,,,,,,,,,,,,,,,,,,,,,,,,,,,,
,,,,40~44,,,,,2,293.26,,,,,,,,,,,,,,,,,,,,,,,,,,,,,,,,,,,,,,,,,,,,,,,
,,,,50~54,1,147.49,,,,,,,,,,,,,,,,,,,,,,,,,,,,,,,,,,,,,,,,,,,,,,,,,,,
,,,,55~59,,,1,182.15,,,1,182.15,,,,,,,,,,,,,,,,,,,,,,,,,,,,,,,,,,,,,,,,,,,,,
,,,,60~64,2,520.83,,,,,,,,,,,,,,,,,,,,,,,,,,,,,,,,,,,,,,,,,,,,,,,,,,,
,,,,70~74,,,,,,,,,2,790.51,,,,,,,,,,,,,,,,,,,,,,,,,,,,,,,,,,,,,,,,,,,
,,,,75~79,1,781.25,,,,,,,,,,,,,,,,,,,,,,,,,,,,,,,,,,,,,,,,,,,,,,,,,,,
,,,,,,,,,,,,,,,,,,,,,,,,,,,,,,,,,,,,,,,,,,,,,,,,,,,,,,,,,
,,,,,,,,,,,,,,,,,,,,,,,,,,,,,,,,,,,,,,,,,,,,,,,,,,,,,,,,,
,,,台灣男性每10萬人口年齡別發生率，1985年,,,,,,,,,,,,,,,,,,,,,,,,,,,,,,,,,,,,,,,,,,,,,,,,,,,,,,
,,,,,,,,,,,,,,,,,,,,,,,,,,,,,,,,,,,,,,,,,,,,,,,,,,,,,,,,,
,,,,,,,,,,,,,,,,,,,,,,,,,,,,,,,,,,,,,,,,,,,,,,,,,,,,,,,,,
,,,,診斷年齡,肝及肝內膽管,,肺、支氣管及氣管,,喉,,鼻咽,,,,,,,,,,,,,,,,,,,,,,,,,,,,,,,,,,,,,,,,,,,,,,
,,,,,個案數,發生率,個案數,發生率,個案數,發生率,個案數,發生率,,,,,,,,,,,,,,,,,,,,,,,,,,,,,,,,,,,,,,,,,,,,,
,,,,30~34,,,1,87.11,,,1,87.11,,,,,,,,,,,,,,,,,,,,,,,,,,,,,,,,,,,,,,,,,,,,,
,,,,50~54,1,143.27,,,,,,,,,,,,,,,,,,,,,,,,,,,,,,,,,,,,,,,,,,,,,,,,,,,
,,,,55~59,,,,,1,170.07,,,,,,,,,,,,,,,,,,,,,,,,,,,,,,,,,,,,,,,,,,,,,,,
,,,,,,,,,,,,,,,,,,,,,,,,,,,,,,,,,,,,,,,,,,,,,,,,,,,,,,,,,
,,,,,,,,,,,,,,,,,,,,,,,,,,,,,,,,,,,,,,,,,,,,,,,,,,,,,,,,,
,,,台灣男性每10萬人口年齡別發生率，1986年,,,,,,,,,,,,,,,,,,,,,,,,,,,,,,,,,,,,,,,,,,,,,,,,,,,,,,
,,,,,,,,,,,,,,,,,,,,,,,,,,,,,,,,,,,,,,,,,,,,,,,,,,,,,,,,,
,,,,,,,,,,,,,,,,,,,,,,,,,,,,,,,,,,,,,,,,,,,,,,,,,,,,,,,,,
,,,,診斷年齡,甲狀腺,,肝及肝內膽管,,其它淋巴瘤,,肺、支氣管及氣管,,,,,,,,,,,,,,,,,,,,,,,,,,,,,,,,,,,,,,,,,,,,,,
,,,,,個案數,發生率,個案數,發生率,個案數,發生率,個案數,發生率,,,,,,,,,,,,,,,,,,,,,,,,,,,,,,,,,,,,,,,,,,,,,
,,,,50~54,,,,,1,151.75,,,,,,,,,,,,,,,,,,,,,,,,,,,,,,,,,,,,,,,,,,,,,,,
,,,,55~59,1,156.74,,,,,,,,,,,,,,,,,,,,,,,,,,,,,,,,,,,,,,,,,,,,,,,,,,,
,,,,60~64,,,1,245.10,,,2,490.20,,,,,,,,,,,,,,,,,,,,,,,,,,,,,,,,,,,,,,,,,,,,,
,,,,75~79,,,1,645.16,,,,,,,,,,,,,,,,,,,,,,,,,,,,,,,,,,,,,,,,,,,,,,,,,
,,,,,,,,,,,,,,,,,,,,,,,,,,,,,,,,,,,,,,,,,,,,,,,,,,,,,,,,,
,,,,,,,,,,,,,,,,,,,,,,,,,,,,,,,,,,,,,,,,,,,,,,,,,,,,,,,,,
,,,台灣男性每10萬人口年齡別發生率，1987年,,,,,,,,,,,,,,,,,,,,,,,,,,,,,,,,,,,,,,,,,,,,,,,,,,,,,,
,,,,,,,,,,,,,,,,,,,,,,,,,,,,,,,,,,,,,,,,,,,,,,,,,,,,,,,,,
,,,,,,,,,,,,,,,,,,,,,,,,,,,,,,,,,,,,,,,,,,,,,,,,,,,,,,,,,
,,,,診斷年齡,口腔癌,,白血病,,肝及肝內膽管,,其他分界不明的部位,,其它淋巴瘤,,肺、支氣管及氣管,,,,,鼻咽,,,,,,,,,,,,,,,,,,,,,,,,,,,,,,,,,,,,,
,,,,,個案數,發生率,個案數,發生率,個案數,發生率,個案數,發生率,個案數,發生率,個案數,,,,發生率,個案數,,發生率,,,,,,,,,,,,,,,,,,,,,,,,,,,,,,,,,,,
,,,,10~14,,,1,85.91,,,,,,,,,,,,,,,,,,,,,,,,,,,,,,,,,,,,,,,,,,,,,,,,,
,,,,25~29,,,,,,,,,,,,,,,,1,,63.61,,,,,,,,,,,,,,,,,,,,,,,,,,,,,,,,,,,
,,,,45~49,1,145.77,,,,,1,145.77,,,,,,,,,,,,,,,,,,,,,,,,,,,,,,,,,,,,,,,,,,,,,
,,,,50~54,,,,,1,153.37,,,,,,,,,,,,,,,,,,,,,,,,,,,,,,,,,,,,,,,,,,,,,,,
,,,,55~59,,,,,3,465.84,,,,,3,,,,465.84,,,,,,,,,,,,,,,,,,,,,,,,,,,,,,,,,,,,,,
,,,,60~64,,,,,1,233.64,,,,,,,,,,,,,,,,,,,,,,,,,,,,,,,,,,,,,,,,,,,,,,,
,,,,65~69,,,,,,,,,,,1,,,,307.69,,,,,,,,,,,,,,,,,,,,,,,,,,,,,,,,,,,,,,
,,,,70~74,,,,,,,,,,,1,,,,432.90,,,,,,,,,,,,,,,,,,,,,,,,,,,,,,,,,,,,,,
,,,,75~79,,,,,,,,,1,598.80,,,,,,,,,,,,,,,,,,,,,,,,,,,,,,,,,,,,,,,,,,,
,,,,,,,,,,,,,,,,,,,,,,,,,,,,,,,,,,,,,,,,,,,,,,,,,,,,,,,,,
,,,,,,,,,,,,,,,,,,,,,,,,,,,,,,,,,,,,,,,,,,,,,,,,,,,,,,,,,
,,,台灣男性每10萬人口年齡別發生率，1988年,,,,,,,,,,,,,,,,,,,,,,,,,,,,,,,,,,,,,,,,,,,,,,,,,,,,,,
,,,,,,,,,,,,,,,,,,,,,,,,,,,,,,,,,,,,,,,,,,,,,,,,,,,,,,,,,
,,,,,,,,,,,,,,,,,,,,,,,,,,,,,,,,,,,,,,,,,,,,,,,,,,,,,,,,,
,,,,診斷年齡,口腔癌,,肝及肝內膽管,,其他神經系統,,直腸與肛門,,肺、支氣管及氣管,,胃,,,,,食道,,,胰,,,喉,,,腦,,,鼻咽,,,,,,,,,,,,,,,,,,,,,,,,,
,,,,,個案數,發生率,個案數,發生率,個案數,發生率,個案數,發生率,個案數,發生率,個案數,,,,發生率,個案數,,發生率,個案數,,發生率,個案數,,發生率,個案數,,發生率,個案數,發生率,,,,,,,,,,,,,,,,,,,,,,,,
,,,,25~29,,,1,63.57,,,,,,,,,,,,,,,,,,,,,,,,,,,,,,,,,,,,,,,,,,,,,,,,,
,,,,35~39,,,,,,,,,,,1,,,,104.49,,,,,,,,,,1,,104.49,,,,,,,,,,,,,,,,,,,,,,,,,,
,,,,40~44,,,,,,,,,,,,,,,,,,,,,,,,,,,,2,331.67,,,,,,,,,,,,,,,,,,,,,,,,
,,,,45~49,,,1,145.35,,,,,,,,,,,,,,,1,,145.35,,,,,,,,,,,,,,,,,,,,,,,,,,,,,,,,
,,,,50~54,,,1,145.99,,,,,,,,,,,,,,,,,,,,,,,,,,,,,,,,,,,,,,,,,,,,,,,,,
,,,,55~59,,,1,154.32,1,154.32,,,,,,,,,,,,,,,,,,,,,,,,,,,,,,,,,,,,,,,,,,,,,,,
,,,,60~64,1,211.86,1,211.86,,,1,211.86,,,,,,,,2,,423.73,,,,,,,,,,,,,,,,,,,,,,,,,,,,,,,,,,,
,,,,65~69,,,,,,,,,,,1,,,,304.88,,,,,,,1,,304.88,,,,,,,,,,,,,,,,,,,,,,,,,,,,,
,,,,70~74,,,,,,,,,1,406.50,,,,,,,,,,,,,,,,,,,,,,,,,,,,,,,,,,,,,,,,,,,
,,,,75~79,,,,,,,1,606.06,2,1212.12,,,,,,,,,,,,,,,,,,,,,,,,,,,,,,,,,,,,,,,,,,,
,,,,,,,,,,,,,,,,,,,,,,,,,,,,,,,,,,,,,,,,,,,,,,,,,,,,,,,,,
,,,,,,,,,,,,,,,,,,,,,,,,,,,,,,,,,,,,,,,,,,,,,,,,,,,,,,,,,
,,,台灣男性每10萬人口年齡別發生率，1989年,,,,,,,,,,,,,,,,,,,,,,,,,,,,,,,,,,,,,,,,,,,,,,,,,,,,,,
,,,,,,,,,,,,,,,,,,,,,,,,,,,,,,,,,,,,,,,,,,,,,,,,,,,,,,,,,
,,,,,,,,,,,,,,,,,,,,,,,,,,,,,,,,,,,,,,,,,,,,,,,,,,,,,,,,,
,,,,診斷年齡,口腔癌,,甲狀腺,,白血病,,肝及肝內膽管,,其他分界不明的部位,,其它淋巴瘤,,,,,肺、支氣管及氣管,,,胃,,,腎盂及其他泌尿系統,,,膀胱,,,,,,,,,,,,,,,,,,,,,,,,,,,,
,,,,,個案數,發生率,個案數,發生率,個案數,發生率,個案數,發生率,個案數,發生率,個案數,,,,發生率,個案數,,發生率,個案數,,發生率,個案數,,發生率,個案數,,發生率,,,,,,,,,,,,,,,,,,,,,,,,,,
,,,,40~44,,,,,,,2,318.98,,,,,,,,,,,,,,,,,,,,,,,,,,,,,,,,,,,,,,,,,,,,,
,,,,45~49,,,,,,,1,150.60,,,,,,,,,,,,,,,,,,,,,,,,,,,,,,,,,,,,,,,,,,,,,
,,,,50~54,,,,,1,144.93,,,,,,,,,,,,,,,,,,,,,,,,,,,,,,,,,,,,,,,,,,,,,,,
,,,,55~59,1,156.99,,,,,3,470.96,1,156.99,,,,,,,,,1,,156.99,,,,,,,,,,,,,,,,,,,,,,,,,,,,,,,,
,,,,60~64,,,,,,,,,,,1,,,,198.02,1,,198.02,,,,1,,198.02,2,,396.04,,,,,,,,,,,,,,,,,,,,,,,,,,
,,,,65~69,,,,,,,1,295.86,,,,,,,,1,,295.86,,,,,,,,,,,,,,,,,,,,,,,,,,,,,,,,,,,
,,,,85+,,,1,3703.70,,,,,,,,,,,,,,,,,,,,,,,,,,,,,,,,,,,,,,,,,,,,,,,,,
,,,,,,,,,,,,,,,,,,,,,,,,,,,,,,,,,,,,,,,,,,,,,,,,,,,,,,,,,
,,,,,,,,,,,,,,,,,,,,,,,,,,,,,,,,,,,,,,,,,,,,,,,,,,,,,,,,,
,,,台灣男性每10萬人口年齡別發生率，1990年,,,,,,,,,,,,,,,,,,,,,,,,,,,,,,,,,,,,,,,,,,,,,,,,,,,,,,
,,,,,,,,,,,,,,,,,,,,,,,,,,,,,,,,,,,,,,,,,,,,,,,,,,,,,,,,,
,,,,,,,,,,,,,,,,,,,,,,,,,,,,,,,,,,,,,,,,,,,,,,,,,,,,,,,,,
,,,,診斷年齡,口腔癌,,不明原發部位,,甲狀腺,,白血病,,皮膚,,肝及肝內膽管,,,,,其他男性生殖器官,,,直腸與肛門,,,肺、支氣管及氣管,,,胃,,,胰,,結直腸癌,,膀胱,,鼻咽,,攝護腺,,,,,,,,,,,,,,,,,
,,,,,個案數,發生率,個案數,發生率,個案數,發生率,個案數,發生率,個案數,發生率,個案數,,,,發生率,個案數,,發生率,個案數,,發生率,個案數,,發生率,個案數,,發生率,個案數,發生率,個案數,發生率,個案數,發生率,個案數,發生率,個案數,發生率,,,,,,,,,,,,,,,,
,,,,25~29,,,,,,,,,,,,,,,,,,,,,,,,,,,,,,1,63.29,,,,,,,,,,,,,,,,,,,,,,
,,,,35~39,,,1,92.51,,,,,,,,,,,,,,,,,,,,,,,,,,,,,,1,92.51,,,,,,,,,,,,,,,,,,
,,,,40~44,,,,,,,1,137.36,,,,,,,,,,,,,,,,,,,,,,,,,,,,,,,,,,,,,,,,,,,,,
,,,,45~49,1,165.29,,,1,165.29,,,,,,,,,,,,,,,,,,,,,,,,,,,,,,,,,,,,,,,,,,,,,,,
,,,,50~54,,,,,,,,,,,,,,,,,,,,,,,,,1,,148.37,,,,,,,,,,,,,,,,,,,,,,,,,,
,,,,55~59,,,,,,,,,1,149.93,,,,,,,,,,,,2,,299.85,,,,1,149.93,,,,,,,,,,,,,,,,,,,,,,,,
,,,,60~64,1,179.21,1,179.21,,,,,,,,,,,,1,,179.21,,,,,,,,,,,,,,,,,,,,,,,,,,,,,,,,,,,
,,,,65~69,,,,,,,,,,,,,,,,,,,1,,286.53,1,,286.53,,,,,,1,286.53,1,286.53,,,,,,,,,,,,,,,,,,,,
,,,,70~74,,,,,,,,,,,1,,,,395.26,,,,,,,1,,395.26,,,,,,,,,,,,1,395.26,,,,,,,,,,,,,,,,
,,,,80~84,,,,,,,,,,,,,,,,,,,,,,,,,1,,1250.00,,,,,,,,,,,,,,,,,,,,,,,,,,
,,,,,,,,,,,,,,,,,,,,,,,,,,,,,,,,,,,,,,,,,,,,,,,,,,,,,,,,,
,,,,,,,,,,,,,,,,,,,,,,,,,,,,,,,,,,,,,,,,,,,,,,,,,,,,,,,,,
,,,台灣男性每10萬人口年齡別發生率，1991年,,,,,,,,,,,,,,,,,,,,,,,,,,,,,,,,,,,,,,,,,,,,,,,,,,,,,,
,,,,,,,,,,,,,,,,,,,,,,,,,,,,,,,,,,,,,,,,,,,,,,,,,,,,,,,,,
,,,,,,,,,,,,,,,,,,,,,,,,,,,,,,,,,,,,,,,,,,,,,,,,,,,,,,,,,
,,,,診斷年齡,口腔癌,,不明原發部位,,皮膚,,肝及肝內膽管,,肺、支氣管及氣管,,非何杰金氏淋巴瘤,,,,,胃,,,眼及淚腺,,,喉,,,結直腸癌,,,腎,,膀胱,,鼻咽,,,,,,,,,,,,,,,,,,,,,
,,,,,個案數,發生率,個案數,發生率,個案數,發生率,個案數,發生率,個案數,發生率,個案數,,,,發生率,個案數,,發生率,個案數,,發生率,個案數,,發生率,個案數,,發生率,個案數,發生率,個案數,發生率,個案數,發生率,,,,,,,,,,,,,,,,,,,,
,,,,0~4,,,,,,,,,,,,,,,,,,,1,,83.61,,,,,,,,,,,,,,,,,,,,,,,,,,,,,,,,
,,,,30~34,,,,,,,1,72.99,,,,,,,,,,,,,,,,,,,,,,,,,,,,,,,,,,,,,,,,,,,,,
,,,,35~39,1,92.25,,,,,1,92.25,,,1,,,,92.25,,,,,,,,,,,,,,,,,,,,,,,,,,,,,,,,,,,,,,
,,,,40~44,,,,,,,,,,,,,,,,,,,,,,1,,118.06,1,,118.06,,,,,1,118.06,,,,,,,,,,,,,,,,,,,,
,,,,45~49,,,,,,,1,170.65,,,,,,,,,,,,,,,,,,,,,,,,,,,,,,,,,,,,,,,,,,,,,
,,,,50~54,,,1,143.68,,,,,1,143.68,,,,,,,,,,,,,,,,,,1,143.68,,,,,,,,,,,,,,,,,,,,,,,,
,,,,55~59,,,1,156.74,,,,,,,,,,,,,,,,,,,,,,,,,,,,,,,,,,,,,,,,,,,,,,,,,
,,,,60~64,,,,,,,,,1,168.35,,,,,,,,,,,,,,,,,,,,,,,,,,,,,,,,,,,,,,,,,,,
,,,,65~69,,,,,,,1,264.55,1,264.55,,,,,,1,,264.55,,,,,,,,,,,,,,,,,,,,,,,,,,,,,,,,,,,
,,,,70~74,1,357.14,,,1,357.14,1,357.14,,,,,,,,2,,714.29,,,,1,,357.14,,,,,,1,357.14,,,,,,,,,,,,,,,,,,,,,,
,,,,75~79,,,,,,,,,1,564.97,,,,,,,,,,,,,,,,,,,,,,,,,,,,,,,,,,,,,,,,,,,
,,,,80~84,,,,,,,1,1020.41,,,,,,,,,,,,,,,,,,,,,,,,,,,,,,,,,,,,,,,,,,,,,
,,,,,,,,,,,,,,,,,,,,,,,,,,,,,,,,,,,,,,,,,,,,,,,,,,,,,,,,,
,,,,,,,,,,,,,,,,,,,,,,,,,,,,,,,,,,,,,,,,,,,,,,,,,,,,,,,,,
,,,台灣男性每10萬人口年齡別發生率，1992年,,,,,,,,,,,,,,,,,,,,,,,,,,,,,,,,,,,,,,,,,,,,,,,,,,,,,,
,,,,,,,,,,,,,,,,,,,,,,,,,,,,,,,,,,,,,,,,,,,,,,,,,,,,,,,,,
,,,,,,,,,,,,,,,,,,,,,,,,,,,,,,,,,,,,,,,,,,,,,,,,,,,,,,,,,
,,,,診斷年齡,肝及肝內膽管,,其它淋巴瘤,,直腸與肛門,,肺、支氣管及氣管,,胃,,食道,,,,,胰,,,骨、關節及關節軟骨,,,睪丸,,,膀胱,,,鼻咽,,,,,,,,,,,,,,,,,,,,,,,,,
,,,,,個案數,發生率,個案數,發生率,個案數,發生率,個案數,發生率,個案數,發生率,個案數,,,,發生率,個案數,,發生率,個案數,,發生率,個案數,,發生率,個案數,,發生率,個案數,發生率,,,,,,,,,,,,,,,,,,,,,,,,
,,,,20~24,,,,,,,,,,,,,,,,,,,1,,77.04,,,,,,,,,,,,,,,,,,,,,,,,,,,,,,,,
,,,,30~34,,,1,68.03,,,,,,,,,,,,,,,,,,1,,68.03,,,,,,,,,,,,,,,,,,,,,,,,,,,,,
,,,,35~39,,,,,,,,,,,,,,,,,,,,,,,,,2,,178.73,1,89.37,,,,,,,,,,,,,,,,,,,,,,,,
,,,,45~49,,,,,,,,,,,,,,,,,,,,,,,,,,,,1,166.39,,,,,,,,,,,,,,,,,,,,,,,,
,,,,55~59,1,155.04,,,1,155.04,2,310.08,1,155.04,,,,,,,,,,,,,,,,,,,,,,,,,,,,,,,,,,,,,,,,,,,
,,,,60~64,1,165.56,,,,,2,331.13,1,165.56,,,,,,1,,165.56,,,,,,,,,,,,,,,,,,,,,,,,,,,,,,,,,,,
,,,,65~69,,,,,,,,,,,1,,,,260.42,,,,,,,,,,,,,,,,,,,,,,,,,,,,,,,,,,,,,,
,,,,70~74,1,354.61,,,2,709.22,2,709.22,1,354.61,,,,,,,,,,,,,,,,,,,,,,,,,,,,,,,,,,,,,,,,,,,
,,,,75~79,1,581.40,,,,,,,,,,,,,,1,,581.40,,,,,,,,,,,,,,,,,,,,,,,,,,,,,,,,,,,
,,,,,,,,,,,,,,,,,,,,,,,,,,,,,,,,,,,,,,,,,,,,,,,,,,,,,,,,,
,,,,,,,,,,,,,,,,,,,,,,,,,,,,,,,,,,,,,,,,,,,,,,,,,,,,,,,,,
,,,台灣男性每10萬人口年齡別發生率，1993年,,,,,,,,,,,,,,,,,,,,,,,,,,,,,,,,,,,,,,,,,,,,,,,,,,,,,,
,,,,,,,,,,,,,,,,,,,,,,,,,,,,,,,,,,,,,,,,,,,,,,,,,,,,,,,,,
,,,,,,,,,,,,,,,,,,,,,,,,,,,,,,,,,,,,,,,,,,,,,,,,,,,,,,,,,
,,,,診斷年齡,口腔癌,,肝及肝內膽管,,其他分界不明的部位,,直腸與肛門,,肺、支氣管及氣管,,胃,,,,,食道,,,喉,,,結直腸癌,,,結締組織、皮下組織及其他軟組織,,,腎盂及其他泌尿系統,,腦,,膀胱,,鼻咽,,鼻腔、中耳及副鼻竇,,膽囊及肝外膽管,,,,,,,,,,,,,,,
,,,,,個案數,發生率,個案數,發生率,個案數,發生率,個案數,發生率,個案數,發生率,個案數,,,,發生率,個案數,,發生率,個案數,,發生率,個案數,,發生率,個案數,,發生率,個案數,發生率,個案數,發生率,個案數,發生率,個案數,發生率,個案數,發生率,個案數,發生率,,,,,,,,,,,,,,
,,,,10~14,,,,,,,,,,,,,,,,,,,,,,,,,,,,,,,,,,1,77.46,,,,,,,,,,,,,,,,,,
,,,,20~24,,,,,,,,,,,,,,,,,,,,,,,,,,,,,,1,83.33,,,1,83.33,,,,,,,,,,,,,,,,,,
,,,,35~39,,,1,83.54,1,83.54,,,,,,,,,,,,,,,,2,,167.08,1,,83.54,,,,,,,,,,,1,83.54,,,,,,,,,,,,,,
,,,,45~49,1,162.87,,,,,,,,,,,,,,,,,,,,,,,,,,,,,,,,,,,,,,,,,,,,,,,,,,,
,,,,50~54,1,144.72,,,,,,,1,144.72,,,,,,,,,1,,144.72,,,,,,,,,,,,,,,,,,,,,,,,,,,,,,,,
,,,,55~59,,,,,,,,,,,,,,,,,,,,,,,,,,,,1,151.52,,,1,151.52,,,,,,,,,,,,,,,,,,,,
,,,,60~64,,,,,,,1,161.03,1,161.03,,,,,,1,,161.03,,,,2,,322.06,,,,,,,,1,161.03,,,,,,,,,,,,,,,,,,,,
,,,,65~69,,,1,230.95,,,,,1,230.95,1,,,,230.95,1,,230.95,,,,,,,,,,,,,,,,,,,,,,,,,,,,,,,,,,,
,,,,70~74,,,,,,,,,,,2,,,,706.71,,,,,,,,,,,,,,,,,,,,,,,,,,,,,,,,,,,,,,
,,,,75~79,,,,,,,,,,,,,,,,,,,,,,,,,,,,,,,,,,,,1,518.13,,,,,,,,,,,,,,,,
,,,,80~84,,,,,,,,,,,,,,,,,,,1,,833.33,,,,,,,,,,,,,,,,,,,,,,,,,,,,,,,,
,,,,,,,,,,,,,,,,,,,,,,,,,,,,,,,,,,,,,,,,,,,,,,,,,,,,,,,,,
,,,,,,,,,,,,,,,,,,,,,,,,,,,,,,,,,,,,,,,,,,,,,,,,,,,,,,,,,
,,,台灣男性每10萬人口年齡別發生率，1994年,,,,,,,,,,,,,,,,,,,,,,,,,,,,,,,,,,,,,,,,,,,,,,,,,,,,,,
,,,,,,,,,,,,,,,,,,,,,,,,,,,,,,,,,,,,,,,,,,,,,,,,,,,,,,,,,
,,,,,,,,,,,,,,,,,,,,,,,,,,,,,,,,,,,,,,,,,,,,,,,,,,,,,,,,,
,,,,診斷年齡,口腔癌,,皮膚,,肝及肝內膽管,,直腸與肛門,,肺、支氣管及氣管,,非何杰金氏淋巴瘤,,,,,食道,,,喉,,,結直腸癌,,,結締組織、皮下組織及其他軟組織,,,腦,,膀胱,,鼻咽,,攝護腺,,,,,,,,,,,,,,,,,,,
,,,,,個案數,發生率,個案數,發生率,個案數,發生率,個案數,發生率,個案數,發生率,個案數,,,,發生率,個案數,,發生率,個案數,,發生率,個案數,,發生率,個案數,,發生率,個案數,發生率,個案數,發生率,個案數,發生率,個案數,發生率,,,,,,,,,,,,,,,,,,
,,,,35~39,1,77.94,,,1,77.94,,,,,,,,,,,,,,,,,,,,,,,,,,,,,,,,,,,,,,,,,,,,,,,
,,,,40~44,1,90.74,,,,,,,,,,,,,,1,,90.74,1,,90.74,,,,,,,,,,,,,,,,,,,,,,,,,,,,,,,,
,,,,45~49,,,,,1,149.70,,,,,,,,,,,,,,,,,,,,,,,,,,,,,,,,,,,,,,,,,,,,,,,
,,,,50~54,,,,,1,150.38,,,,,1,,,,150.38,,,,,,,,,,,,,,,,,,,,,,,,,,,,,,,,,,,,,,
,,,,55~59,2,302.57,,,,,,,,,,,,,,,,,,,,,,,,,,,,,,1,151.29,,,,,,,,,,,,,,,,,,,,
,,,,60~64,,,2,323.10,,,,,3,484.65,,,,,,,,,,,,1,,161.55,,,,1,161.55,2,323.10,,,,,,,,,,,,,,,,,,,,,,
,,,,65~69,,,1,212.31,,,1,212.31,1,212.31,,,,,,,,,,,,,,,,,,,,1,212.31,,,,,,,,,,,,,,,,,,,,,,
,,,,70~74,1,344.83,,,1,344.83,,,,,,,,,,1,,344.83,1,,344.83,1,,344.83,,,,,,,,,,,,,,,,,,,,,,,,,,,,,
,,,,75~79,,,,,,,1,502.51,,,,,,,,,,,,,,,,,1,,502.51,,,,,,,,,,,,,,,,,,,,,,,,,,
,,,,80~84,,,,,,,,,,,,,,,,,,,,,,,,,,,,,,,,,,1,729.93,,,,,,,,,,,,,,,,,,
,,,,85+,,,,,,,,,,,,,,,,,,,,,,1,,2272.73,,,,,,,,,,,,,,,,,,,,,,,,,,,,,
,,,,,,,,,,,,,,,,,,,,,,,,,,,,,,,,,,,,,,,,,,,,,,,,,,,,,,,,,
,,,,,,,,,,,,,,,,,,,,,,,,,,,,,,,,,,,,,,,,,,,,,,,,,,,,,,,,,
,,,台灣男性每10萬人口年齡別發生率，1995年,,,,,,,,,,,,,,,,,,,,,,,,,,,,,,,,,,,,,,,,,,,,,,,,,,,,,,
,,,,,,,,,,,,,,,,,,,,,,,,,,,,,,,,,,,,,,,,,,,,,,,,,,,,,,,,,
,,,,,,,,,,,,,,,,,,,,,,,,,,,,,,,,,,,,,,,,,,,,,,,,,,,,,,,,,
,,,,診斷年齡,口腔癌,,不明原發部位,,甲狀腺,,皮膚,,肝及肝內膽管,,其他分界不明的部位,,,,,直腸與肛門,,,肺、支氣管及氣管,,,胃,,,胰,,,結直腸癌,,腎,,腎盂及其他泌尿系統,,攝護腺,,,,,,,,,,,,,,,,,,,
,,,,,個案數,發生率,個案數,發生率,個案數,發生率,個案數,發生率,個案數,發生率,個案數,,,,發生率,個案數,,發生率,個案數,,發生率,個案數,,發生率,個案數,,發生率,個案數,發生率,個案數,發生率,個案數,發生率,個案數,發生率,,,,,,,,,,,,,,,,,,
,,,,0~4,,,,,,,,,,,,,,,,,,,,,,,,,,,,,,1,74.57,,,,,,,,,,,,,,,,,,,,,,
,,,,25~29,,,,,,,,,1,67.75,,,,,,,,,,,,,,,,,,,,,,,,,,,,,,,,,,,,,,,,,,,
,,,,30~34,2,122.10,,,,,,,,,,,,,,,,,,,,,,,,,,,,,,,,,,,,,,,,,,,,,,,,,,,
,,,,35~39,1,75.70,,,1,75.70,,,,,,,,,,,,,,,,,,,,,,,,,,,,,,,,,,,,,,,,,,,,,,,
,,,,40~44,,,,,,,,,1,86.06,,,,,,,,,,,,,,,,,,,,,,,,,,,,,,,,,,,,,,,,,,,
,,,,45~49,,,,,,,,,,,1,,,,131.23,,,,,,,,,,1,,131.23,,,,,,,,,,,,,,,,,,,,,,,,,,
,,,,50~54,1,161.29,,,,,,,,,,,,,,,,,1,,161.29,,,,,,,,,,,,,,,,,,,,,,,,,,,,,,,,
,,,,55~59,1,151.06,1,151.06,,,1,151.06,2,302.11,,,,,,,,,,,,,,,,,,,,,,,,,,,,,,,,,,,,,,,,,,,
,,,,60~64,1,153.61,,,,,,,,,,,,,,,,,3,,460.83,1,,153.61,,,,,,,,1,153.61,,,,,,,,,,,,,,,,,,,,
,,,,65~69,,,,,,,,,,,,,,,,1,,200.40,,,,1,,200.40,,,,,,,,,,,,,,,,,,,,,,,,,,,,,
,,,,70~74,,,,,,,,,,,,,,,,,,,1,,341.30,,,,,,,1,341.30,,,,,,,,,,,,,,,,,,,,,,,,
,,,,75~79,,,,,,,,,,,,,,,,2,,1005.03,2,,1005.03,1,,502.51,,,,,,,,,,1,502.51,,,,,,,,,,,,,,,,,,
,,,,85+,,,,,,,,,1,2173.91,,,,,,,,,,,,,,,,,,,,,,,,,,,,,,,,,,,,,,,,,,,
,,,,,,,,,,,,,,,,,,,,,,,,,,,,,,,,,,,,,,,,,,,,,,,,,,,,,,,,,
,,,,,,,,,,,,,,,,,,,,,,,,,,,,,,,,,,,,,,,,,,,,,,,,,,,,,,,,,
,,,台灣男性每10萬人口年齡別發生率，1996年,,,,,,,,,,,,,,,,,,,,,,,,,,,,,,,,,,,,,,,,,,,,,,,,,,,,,,
,,,,,,,,,,,,,,,,,,,,,,,,,,,,,,,,,,,,,,,,,,,,,,,,,,,,,,,,,
,,,,,,,,,,,,,,,,,,,,,,,,,,,,,,,,,,,,,,,,,,,,,,,,,,,,,,,,,
,,,,診斷年齡,口腔癌,,不明原發部位,,皮膚,,肝及肝內膽管,,直腸與肛門,,肺、支氣管及氣管,,,,,胃,,,食道,,,喉,,,結直腸癌,,,腎,,膀胱,,鼻咽,,,,,,,,,,,,,,,,,,,,,
,,,,,個案數,發生率,個案數,發生率,個案數,發生率,個案數,發生率,個案數,發生率,個案數,,,,發生率,個案數,,發生率,個案數,,發生率,個案數,,發生率,個案數,,發生率,個案數,發生率,個案數,發生率,個案數,發生率,,,,,,,,,,,,,,,,,,,,
,,,,35~39,,,,,,,1,67.89,,,,,,,,,,,,,,,,,,,,,,,,,,,,,,,,,,,,,,,,,,,,,
,,,,45~49,1,111.86,1,111.86,,,,,2,223.71,1,,,,111.86,,,,,,,,,,1,,111.86,1,111.86,,,,,,,,,,,,,,,,,,,,,,,,
,,,,55~59,3,445.10,,,,,1,148.37,1,148.37,3,,,,445.10,,,,1,,148.37,1,,148.37,2,,296.74,,,,,1,148.37,,,,,,,,,,,,,,,,,,,,
,,,,60~64,,,,,1,162.07,,,,,,,,,,1,,162.07,1,,162.07,,,,1,,162.07,,,,,,,,,,,,,,,,,,,,,,,,,,
,,,,65~69,,,1,187.27,,,,,,,,,,,,1,,187.27,,,,2,,374.53,1,,187.27,,,,,,,,,,,,,,,,,,,,,,,,,,
,,,,70~74,,,1,324.68,,,,,,,1,,,,324.68,,,,,,,,,,,,,,,,,,,,,,,,,,,,,,,,,,,,,,
,,,,75~79,,,,,2,966.18,,,,,,,,,,,,,,,,,,,,,,,,1,483.09,,,,,,,,,,,,,,,,,,,,,,
,,,,80~84,,,,,,,,,,,1,,,,826.45,1,,826.45,,,,,,,,,,,,,,,,,,,,,,,,,,,,,,,,,,,
,,,,,,,,,,,,,,,,,,,,,,,,,,,,,,,,,,,,,,,,,,,,,,,,,,,,,,,,,
,,,,,,,,,,,,,,,,,,,,,,,,,,,,,,,,,,,,,,,,,,,,,,,,,,,,,,,,,
,,,台灣男性每10萬人口年齡別發生率，1997年,,,,,,,,,,,,,,,,,,,,,,,,,,,,,,,,,,,,,,,,,,,,,,,,,,,,,,
,,,,,,,,,,,,,,,,,,,,,,,,,,,,,,,,,,,,,,,,,,,,,,,,,,,,,,,,,
,,,,,,,,,,,,,,,,,,,,,,,,,,,,,,,,,,,,,,,,,,,,,,,,,,,,,,,,,
,,,,診斷年齡,口腔癌,,皮膚,,肝及肝內膽管,,其他內分泌腺,,直腸與肛門,,肺、支氣管及氣管,,,,,胃,,,結直腸癌,,,膀胱,,,鼻咽,,,攝護腺,,,,,,,,,,,,,,,,,,,,,,,,,
,,,,,個案數,發生率,個案數,發生率,個案數,發生率,個案數,發生率,個案數,發生率,個案數,,,,發生率,個案數,,發生率,個案數,,發生率,個案數,,發生率,個案數,,發生率,個案數,發生率,,,,,,,,,,,,,,,,,,,,,,,,
,,,,0~4,,,,,,,1,75.64,,,,,,,,,,,,,,,,,,,,,,,,,,,,,,,,,,,,,,,,,,,,,
,,,,25~29,1,75.13,,,,,,,,,,,,,,,,,,,,,,,,,,,,,,,,,,,,,,,,,,,,,,,,,,,
,,,,35~39,,,,,1,63.69,,,,,,,,,,,,,,,,,,,,,,,,,,,,,,,,,,,,,,,,,,,,,,,
,,,,40~44,1,83.82,,,1,83.82,,,,,1,,,,83.82,,,,,,,,,,1,,83.82,,,,,,,,,,,,,,,,,,,,,,,,,,
,,,,45~49,1,100.30,,,,,,,,,,,,,,,,,,,,,,,,,,,,,,,,,,,,,,,,,,,,,,,,,,,
,,,,50~54,,,,,,,,,,,,,,,,,,,1,,166.67,,,,1,,166.67,,,,,,,,,,,,,,,,,,,,,,,,,,
,,,,55~59,,,,,1,146.20,,,,,,,,,,,,,1,,146.20,,,,1,,146.20,,,,,,,,,,,,,,,,,,,,,,,,,,
,,,,60~64,,,,,2,329.49,,,,,,,,,,,,,1,,164.74,,,,,,,,,,,,,,,,,,,,,,,,,,,,,,,,
,,,,65~69,,,,,1,180.83,,,,,1,,,,180.83,,,,1,,180.83,1,,180.83,,,,,,,,,,,,,,,,,,,,,,,,,,,,,
,,,,70~74,1,310.56,1,310.56,1,310.56,,,,,4,,,,1242.24,,,,2,,621.12,,,,,,,1,310.56,,,,,,,,,,,,,,,,,,,,,,,,
,,,,75~79,,,1,476.19,,,,,,,1,,,,476.19,,,,1,,476.19,,,,,,,,,,,,,,,,,,,,,,,,,,,,,,,,
,,,,80~84,,,,,,,,,1,900.90,,,,,,,,,1,,900.90,,,,,,,,,,,,,,,,,,,,,,,,,,,,,,,,
,,,,85+,,,,,,,,,,,,,,,,1,,1428.57,,,,,,,,,,,,,,,,,,,,,,,,,,,,,,,,,,,
,,,,,,,,,,,,,,,,,,,,,,,,,,,,,,,,,,,,,,,,,,,,,,,,,,,,,,,,,
,,,,,,,,,,,,,,,,,,,,,,,,,,,,,,,,,,,,,,,,,,,,,,,,,,,,,,,,,
,,,台灣男性每10萬人口年齡別發生率，1998年,,,,,,,,,,,,,,,,,,,,,,,,,,,,,,,,,,,,,,,,,,,,,,,,,,,,,,
,,,,,,,,,,,,,,,,,,,,,,,,,,,,,,,,,,,,,,,,,,,,,,,,,,,,,,,,,
,,,,,,,,,,,,,,,,,,,,,,,,,,,,,,,,,,,,,,,,,,,,,,,,,,,,,,,,,
,,,,診斷年齡,口腔癌,,不明原發部位,,主唾液腺,,皮膚,,肝及肝內膽管,,直腸與肛門,,,,,肺、支氣管及氣管,,,非何杰金氏淋巴瘤,,,後腹膜腔及腹膜,,,胃,,,胰,,胸腺、心臟與中隔,,喉,,結直腸癌,,結締組織、皮下組織及其他軟組織,,腎盂及其他泌尿系統,,鼻咽,,膽囊及肝外膽管,,攝護腺,,,,,,,,,
,,,,,個案數,發生率,個案數,發生率,個案數,發生率,個案數,發生率,個案數,發生率,個案數,,,,發生率,個案數,,發生率,個案數,,發生率,個案數,,發生率,個案數,,發生率,個案數,發生率,個案數,發生率,個案數,發生率,個案數,發生率,個案數,發生率,個案數,發生率,個案數,發生率,個案數,發生率,個案數,發生率,,,,,,,,
,,,,10~14,,,,,,,,,,,,,,,,,,,,,,1,,80.71,,,,,,,,,,,,,,,,,,,,,,,,,,,,,
,,,,25~29,,,,,,,,,1,79.49,,,,,,,,,,,,,,,,,,,,,,,,,,,,,,,,,,,,,,,,,,,
,,,,35~39,2,121.80,,,,,,,,,,,,,,,,,,,,,,,,,,,,1,60.90,,,,,,,,,2,121.80,,,,,,,,,,,,
,,,,40~44,,,,,,,,,,,,,,,,,,,,,,,,,1,,77.76,,,,,,,,,,,,,,,,,,,,,,,,,,
,,,,45~49,,,,,,,,,1,96.43,,,,,,1,,96.43,,,,,,,,,,,,,,,,,,,,,,1,96.43,,,,,,,,,,,,
,,,,50~54,,,,,,,,,2,324.15,,,,,,,,,,,,,,,,,,,,,,,,,,,,,,,,,,,,,,,,,,,
,,,,55~59,1,145.56,,,,,,,2,291.12,,,,,,1,,145.56,,,,,,,,,,,,,,,,1,145.56,,,,,,,,,,,,,,,,,,
,,,,60~64,1,160.77,,,,,,,1,160.77,,,,,,1,,160.77,,,,,,,,,,1,160.77,,,1,160.77,3,482.32,,,,,,,,,,,,,,,,,,
,,,,65~69,,,,,1,176.68,1,176.68,1,176.68,,,,,,2,,353.36,1,,176.68,,,,,,,,,,,,,,,,,,,1,176.68,,,,,,,,,,,,
,,,,70~74,1,273.97,,,,,2,547.95,1,273.97,1,,,,273.97,,,,,,,,,,1,,273.97,,,,,,,,,1,273.97,1,273.97,,,1,273.97,,,,,,,,,,
,,,,75~79,,,1,490.20,,,,,,,,,,,,2,,980.39,,,,,,,,,,,,,,,,1,490.20,,,,,,,,,1,490.20,,,,,,,,
,,,,80~84,,,,,,,,,3,2500.00,,,,,,,,,,,,,,,1,,833.33,,,,,,,1,833.33,,,,,,,,,,,,,,,,,,
,,,,85+,,,,,,,,,,,,,,,,,,,,,,,,,,,,,,,,,,,,,,,,,,,,1,1428.57,,,,,,,,
,,,,,,,,,,,,,,,,,,,,,,,,,,,,,,,,,,,,,,,,,,,,,,,,,,,,,,,,,
,,,,,,,,,,,,,,,,,,,,,,,,,,,,,,,,,,,,,,,,,,,,,,,,,,,,,,,,,
,,,台灣男性每10萬人口年齡別發生率，1999年,,,,,,,,,,,,,,,,,,,,,,,,,,,,,,,,,,,,,,,,,,,,,,,,,,,,,,
,,,,,,,,,,,,,,,,,,,,,,,,,,,,,,,,,,,,,,,,,,,,,,,,,,,,,,,,,
,,,,,,,,,,,,,,,,,,,,,,,,,,,,,,,,,,,,,,,,,,,,,,,,,,,,,,,,,
,,,,診斷年齡,口腔癌,,小腸,,不明原發部位,,白血病,,皮膚,,何杰金氏淋巴瘤,,,,,肝及肝內膽管,,,其他神經系統,,,其它淋巴瘤,,,直腸與肛門,,,肺、支氣管及氣管,,後腹膜腔及腹膜,,胃,,喉,,結直腸癌,,結締組織、皮下組織及其他軟組織,,膀胱,,鼻咽,,膽囊及肝外膽管,,攝護腺,,,,,,,
,,,,,個案數,發生率,個案數,發生率,個案數,發生率,個案數,發生率,個案數,發生率,個案數,,,,發生率,個案數,,發生率,個案數,,發生率,個案數,,發生率,個案數,,發生率,個案數,發生率,個案數,發生率,個案數,發生率,個案數,發生率,個案數,發生率,個案數,發生率,個案數,發生率,個案數,發生率,個案數,發生率,個案數,發生率,,,,,,
,,,,15~19,,,,,,,,,,,1,,,,71.28,,,,,,,1,,71.28,,,,,,,,,,,,,,,,,,,,,,,,,,,,,
,,,,20~24,,,,,,,,,,,,,,,,,,,,,,,,,,,,,,,,1,78.31,,,,,,,,,,,,,,,,,,,,
,,,,30~34,,,,,,,,,,,,,,,,,,,,,,,,,,,,,,1,64.02,,,,,,,1,64.02,,,,,,,,,,,,,,
,,,,35~39,,,,,,,,,,,,,,,,2,,119.33,,,,,,,,,,,,,,,,1,59.67,,,,,,,1,59.67,,,,,,,,,,
,,,,40~44,,,,,,,,,,,,,,,,,,,,,,,,,,,,2,148.92,,,,,,,,,,,,,2,148.92,,,,,,,,,,
,,,,45~49,2,180.02,,,,,,,,,,,,,,1,,90.01,,,,,,,,,,,,,,1,90.01,,,,,,,,,,,,,,,,,,,,
,,,,50~54,2,301.20,,,,,1,150.60,,,,,,,,1,,150.60,1,,150.60,,,,,,,,,,,,,,,,,,,,,,,,,,,,,,,,
,,,,55~59,1,149.48,,,,,,,,,,,,,,1,,149.48,,,,,,,1,,149.48,,,,,,,,,,,,,,,,,,,,,,,,,,
,,,,60~64,1,157.98,,,,,,,,,,,,,,,,,,,,,,,,,,,,,,,,,,,,,,,,,,1,157.98,,,,,,,,
,,,,65~69,1,175.44,,,,,,,,,,,,,,1,,175.44,,,,,,,,,,,,,,,,,,1,175.44,,,,,,,,,1,175.44,,,,,,
,,,,70~74,1,251.89,,,1,251.89,,,1,251.89,,,,,,,,,,,,,,,,,,2,503.78,,,,,,,,,,,1,251.89,,,,,,,,,,,,
,,,,75~79,,,,,,,,,1,485.44,,,,,,1,,485.44,,,,,,,1,,485.44,2,970.87,,,,,,,,,,,,,,,,,,,,,,,,
,,,,80~84,,,1,813.01,,,,,,,,,,,,1,,813.01,,,,,,,,,,,,1,813.01,,,,,,,,,,,,,,,,,,,,,,
,,,,85+,,,,,,,,,,,,,,,,,,,,,,,,,,,,,,,,,,,,,,,,,,,,,,1,1298.70,,,,,,
,,,,,,,,,,,,,,,,,,,,,,,,,,,,,,,,,,,,,,,,,,,,,,,,,,,,,,,,,
,,,,,,,,,,,,,,,,,,,,,,,,,,,,,,,,,,,,,,,,,,,,,,,,,,,,,,,,,
,,,台灣男性每10萬人口年齡別發生率，2000年,,,,,,,,,,,,,,,,,,,,,,,,,,,,,,,,,,,,,,,,,,,,,,,,,,,,,,
,,,,,,,,,,,,,,,,,,,,,,,,,,,,,,,,,,,,,,,,,,,,,,,,,,,,,,,,,
,,,,,,,,,,,,,,,,,,,,,,,,,,,,,,,,,,,,,,,,,,,,,,,,,,,,,,,,,
,,,,診斷年齡,口腔癌,,不明原發部位,,皮膚,,肝及肝內膽管,,其他男性生殖器官,,直腸與肛門,,,,,肺、支氣管及氣管,,,胃,,,胸腺、心臟與中隔,,,造血系統及網狀內皮系統,,,結直腸癌,,結締組織、皮下組織及其他軟組織,,腎,,腎盂及其他泌尿系統,,腦,,膀胱,,鼻咽,,鼻腔、中耳及副鼻竇,,攝護腺,,,,,,,,,
,,,,,個案數,發生率,個案數,發生率,個案數,發生率,個案數,發生率,個案數,發生率,個案數,,,,發生率,個案數,,發生率,個案數,,發生率,個案數,,發生率,個案數,,發生率,個案數,發生率,個案數,發生率,個案數,發生率,個案數,發生率,個案數,發生率,個案數,發生率,個案數,發生率,個案數,發生率,個案數,發生率,,,,,,,,
,,,,25~29,1,77.40,,,,,,,,,,,,,,,,,,,,,,,,,,,,,,,,,,,,,,,,,,,,,,,,,,,
,,,,30~34,,,,,,,,,,,,,,,,,,,,,,,,,,,,1,63.53,,,,,,,,,,,,,,,,,,,,,,,,
,,,,35~39,2,117.16,,,,,1,58.58,,,,,,,,,,,,,,,,,,,,,,,,,,,,,,,,,,,,,,,,,,,,,
,,,,40~44,1,73.10,,,,,,,,,,,,,,,,,,,,,,,,,,,,,,,,,,,,,,,,,,,,,,,,,,,
,,,,45~49,4,340.14,,,,,1,85.03,,,1,,,,85.03,,,,,,,,,,,,,1,85.03,,,,,,,,,,,,,,,,,,,,,,,,
,,,,50~54,2,259.40,,,,,,,,,1,,,,129.70,,,,,,,,,,,,,,,,,,,,,,,,,1,129.70,,,,,,,,,,,,
,,,,55~59,,,,,1,162.87,1,162.87,,,,,,,,,,,,,,1,,162.87,,,,,,,,,,,,,,,,,,,,,,,,,,,,,
,,,,60~64,,,,,,,3,473.93,,,,,,,,,,,1,,157.98,,,,,,,,,1,157.98,,,,,,,,,,,,,2,315.96,,,,,,,,
,,,,65~69,1,167.22,,,,,3,501.67,,,1,,,,167.22,3,,501.67,,,,,,,1,,167.22,,,,,1,167.22,1,167.22,1,167.22,,,,,,,,,,,,,,,,
,,,,70~74,,,,,,,6,1425.18,,,2,,,,475.06,1,,237.53,,,,,,,,,,,,,,,,,,,,,,1,237.53,1,237.53,1,237.53,,,,,,,,
,,,,75~79,,,,,1,469.48,1,469.48,,,,,,,,1,,469.48,,,,,,,,,,,,,,,,1,469.48,,,3,1408.45,,,,,1,469.48,,,,,,,,
,,,,80~84,,,,,,,,,1,775.19,,,,,,,,,,,,,,,,,,,,,,,,,,,,,,,,,,,,,,,,,,,
,,,,85+,,,1,1204.82,,,,,,,,,,,,,,,,,,,,,,,,,,,,,,,,,,,,,,,,,,,,,,,,,
,,,,,,,,,,,,,,,,,,,,,,,,,,,,,,,,,,,,,,,,,,,,,,,,,,,,,,,,,
,,,,,,,,,,,,,,,,,,,,,,,,,,,,,,,,,,,,,,,,,,,,,,,,,,,,,,,,,
,,,台灣男性每10萬人口年齡別發生率，2001年,,,,,,,,,,,,,,,,,,,,,,,,,,,,,,,,,,,,,,,,,,,,,,,,,,,,,,
,,,,,,,,,,,,,,,,,,,,,,,,,,,,,,,,,,,,,,,,,,,,,,,,,,,,,,,,,
,,,,,,,,,,,,,,,,,,,,,,,,,,,,,,,,,,,,,,,,,,,,,,,,,,,,,,,,,
,,,,診斷年齡,口腔癌,,白血病,,皮膚,,肝及肝內膽管,,直腸與肛門,,肺、支氣管及氣管,,,,,胃,,,食道,,,胰,,,造血系統及網狀內皮系統,,,喉,,結直腸癌,,腎盂及其他泌尿系統,,膽囊及肝外膽管,,,,,,,,,,,,,,,,,,,
,,,,,個案數,發生率,個案數,發生率,個案數,發生率,個案數,發生率,個案數,發生率,個案數,,,,發生率,個案數,,發生率,個案數,,發生率,個案數,,發生率,個案數,,發生率,個案數,發生率,個案數,發生率,個案數,發生率,個案數,發生率,,,,,,,,,,,,,,,,,,
,,,,30~34,,,,,,,,,,,,,,,,1,,65.75,,,,,,,,,,,,,,,,,,,,,,,,,,,,,,,,,,,
,,,,40~44,3,200.00,,,,,1,66.67,,,,,,,,,,,,,,1,,66.67,,,,1,66.67,,,,,,,,,,,,,,,,,,,,,,,,
,,,,45~49,,,,,,,1,86.58,,,,,,,,1,,86.58,,,,,,,,,,,,,,,,,,,,,,,,,,,,,,,,,,,
,,,,50~54,2,221.24,,,,,1,110.62,,,,,,,,,,,1,,110.62,1,,110.62,,,,,,,,,,2,221.24,,,,,,,,,,,,,,,,,,
,,,,55~59,1,172.12,,,,,2,344.23,1,172.12,,,,,,,,,,,,,,,,,,,,,,,,,,,,,,,,,,,,,,,,,,,
,,,,60~64,,,,,,,4,621.12,,,1,,,,155.28,,,,,,,,,,,,,,,,,,,,,,,,,,,,,,,,,,,,,,
,,,,65~69,,,1,172.12,1,172.12,2,344.23,,,,,,,,,,,,,,,,,,,,,,,,,,1,172.12,,,,,,,,,,,,,,,,,,
,,,,70~74,,,1,218.34,,,4,873.36,1,218.34,1,,,,218.34,,,,,,,1,,218.34,1,,218.34,,,1,218.34,,,1,218.34,,,,,,,,,,,,,,,,,,
,,,,75~79,,,,,,,,,,,1,,,,454.55,,,,,,,,,,,,,,,,,,,,,,,,,,,,,,,,,,,,,,
,,,,80~84,,,,,,,,,1,724.64,1,,,,724.64,,,,,,,,,,,,,,,1,724.64,1,724.64,,,,,,,,,,,,,,,,,,,,
,,,,,,,,,,,,,,,,,,,,,,,,,,,,,,,,,,,,,,,,,,,,,,,,,,,,,,,,,
,,,,,,,,,,,,,,,,,,,,,,,,,,,,,,,,,,,,,,,,,,,,,,,,,,,,,,,,,
,,,台灣男性每10萬人口年齡別發生率，2002年,,,,,,,,,,,,,,,,,,,,,,,,,,,,,,,,,,,,,,,,,,,,,,,,,,,,,,
,,,,,,,,,,,,,,,,,,,,,,,,,,,,,,,,,,,,,,,,,,,,,,,,,,,,,,,,,
,,,,,,,,,,,,,,,,,,,,,,,,,,,,,,,,,,,,,,,,,,,,,,,,,,,,,,,,,
,,,,診斷年齡,口腔癌,,小腸,,主唾液腺,,甲狀腺,,白血病,,肝及肝內膽管,,,,,直腸與肛門,,,肺、支氣管及氣管,,,非何杰金氏淋巴瘤,,,胃,,,食道,,造血系統及網狀內皮系統,,喉,,結直腸癌,,結締組織、皮下組織及其他軟組織,,膀胱,,攝護腺,,,,,,,,,,,,,
,,,,,個案數,發生率,個案數,發生率,個案數,發生率,個案數,發生率,個案數,發生率,個案數,,,,發生率,個案數,,發生率,個案數,,發生率,個案數,,發生率,個案數,,發生率,個案數,發生率,個案數,發生率,個案數,發生率,個案數,發生率,個案數,發生率,個案數,發生率,個案數,發生率,,,,,,,,,,,,
,,,,15~19,,,,,,,,,1,78.74,,,,,,,,,,,,,,,,,,,,,,,,,,,,,,,,,,,,,,,,,,,
,,,,25~29,,,,,,,,,,,,,,,,,,,,,,,,,,,,,,,,,,,,1,77.46,,,,,,,,,,,,,,,,
,,,,35~39,1,60.20,,,,,,,,,,,,,,,,,,,,,,,,,,,,,,,,,,,,,,,,,,,,,,,,,,,
,,,,40~44,1,62.54,,,,,,,,,,,,,,,,,,,,,,,,,,,,,,,,,,,,,,,,,,,,,,,,,,,
,,,,45~49,2,169.06,,,,,1,84.53,,,,,,,,,,,,,,1,,84.53,,,,1,84.53,,,,,,,,,1,84.53,,,,,,,,,,,,,,
,,,,50~54,,,,,,,,,,,3,,,,302.72,,,,,,,,,,,,,,,,,,,,,,,,,,,,,,,,,,,,,,
,,,,55~59,,,,,,,,,,,3,,,,505.90,,,,,,,,,,,,,,,,,,,,,,,,,,,,,,,,,,,,,,
,,,,60~64,,,1,151.52,,,,,,,1,,,,151.52,,,,2,,303.03,,,,,,,,,,,,,1,151.52,,,,,,,,,,,,,,,,,,
,,,,65~69,,,,,,,,,,,2,,,,349.04,,,,2,,349.04,,,,,,,,,,,,,1,174.52,,,1,174.52,1,174.52,,,,,,,,,,,,
,,,,70~74,,,,,,,,,,,1,,,,210.97,1,,210.97,1,,210.97,,,,2,,421.94,,,1,210.97,,,,,,,,,,,,,,,,,,,,,,
,,,,75~79,,,,,,,,,,,1,,,,408.16,,,,1,,408.16,1,,408.16,,,,,,,,,,1,408.16,,,,,2,816.33,,,,,,,,,,,,
,,,,80~84,,,1,729.93,1,729.93,,,,,1,,,,729.93,,,,1,,729.93,,,,,,,,,,,,,1,729.93,,,,,2,1459.85,,,,,,,,,,,,
,,,,85+,,,,,,,,,,,1,,,,1204.82,,,,1,,1204.82,,,,,,,,,,,1,1204.82,1,1204.82,,,,,,,,,,,,,,,,,,
,,,,,,,,,,,,,,,,,,,,,,,,,,,,,,,,,,,,,,,,,,,,,,,,,,,,,,,,,
,,,,,,,,,,,,,,,,,,,,,,,,,,,,,,,,,,,,,,,,,,,,,,,,,,,,,,,,,
,,,台灣男性每10萬人口年齡別發生率，2003年,,,,,,,,,,,,,,,,,,,,,,,,,,,,,,,,,,,,,,,,,,,,,,,,,,,,,,
,,,,,,,,,,,,,,,,,,,,,,,,,,,,,,,,,,,,,,,,,,,,,,,,,,,,,,,,,
,,,,,,,,,,,,,,,,,,,,,,,,,,,,,,,,,,,,,,,,,,,,,,,,,,,,,,,,,
,,,,診斷年齡,口腔癌,,主唾液腺,,白血病,,皮膚,,肝及肝內膽管,,其他神經系統,,,,,直腸與肛門,,,肺、支氣管及氣管,,,非何杰金氏淋巴瘤,,,後腹膜腔及腹膜,,,胃,,食道,,胰,,胸腺、心臟與中隔,,喉,,腎,,膀胱,,鼻咽,,攝護腺,,,,,,,,,
,,,,,個案數,發生率,個案數,發生率,個案數,發生率,個案數,發生率,個案數,發生率,個案數,,,,發生率,個案數,,發生率,個案數,,發生率,個案數,,發生率,個案數,,發生率,個案數,發生率,個案數,發生率,個案數,發生率,個案數,發生率,個案數,發生率,個案數,發生率,個案數,發生率,個案數,發生率,個案數,發生率,,,,,,,,
,,,,30~34,,,,,,,,,1,70.13,,,,,,,,,,,,,,,,,,,,,,,,,,,,,,,,,,,,,,,,,,,
,,,,35~39,,,,,,,,,,,,,,,,,,,,,,,,,,,,,,1,59.28,,,1,59.28,,,,,,,,,,,,,,,,,,
,,,,40~44,,,,,1,60.61,,,,,,,,,,,,,,,,,,,,,,,,,,,,,,,,,,,,,,,,,,,,,,,
,,,,45~49,1,79.43,,,,,,,1,79.43,,,,,,,,,,,,,,,,,,,,,,,,,,,,,,,,,,,,,,,,,,,
,,,,50~54,,,,,,,,,2,192.12,1,,,,96.06,,,,1,,96.06,,,,,,,,,,,,,,,,,,,1,96.06,1,96.06,,,,,,,,,,
,,,,55~59,,,,,,,,,3,484.65,,,,,,,,,1,,161.55,,,,,,,,,,,,,,,,,,,,,,,,,,,,,,,,
,,,,60~64,,,,,,,,,1,147.71,,,,,,1,,147.71,2,,295.42,1,,147.71,,,,,,,,1,147.71,,,1,147.71,,,,,,,,,,,,,,,,
,,,,65~69,,,,,,,,,1,169.78,,,,,,,,,1,,169.78,,,,1,,169.78,1,169.78,,,,,,,,,,,,,,,,,,,,,,,,
,,,,70~74,,,,,,,,,1,201.21,,,,,,,,,,,,,,,,,,1,201.21,1,201.21,,,,,,,,,,,,,1,201.21,,,,,,,,
,,,,75~79,,,,,1,369.00,,,2,738.01,,,,,,,,,1,,369.00,,,,,,,,,,,,,,,,,1,369.00,,,,,,,,,,,,,,
,,,,80~84,1,735.29,,,,,1,735.29,1,735.29,,,,,,,,,,,,,,,,,,,,,,,,,,,,,,,,,,,,,,,,,,,
,,,,85+,,,1,1265.82,,,,,,,,,,,,,,,1,,1265.82,,,,1,,1265.82,,,,,,,,,,,,,,,,,1,1265.82,,,,,,,,
,,,,,,,,,,,,,,,,,,,,,,,,,,,,,,,,,,,,,,,,,,,,,,,,,,,,,,,,,
,,,,,,,,,,,,,,,,,,,,,,,,,,,,,,,,,,,,,,,,,,,,,,,,,,,,,,,,,
,,,台灣男性每10萬人口年齡別發生率，2004年,,,,,,,,,,,,,,,,,,,,,,,,,,,,,,,,,,,,,,,,,,,,,,,,,,,,,,
,,,,,,,,,,,,,,,,,,,,,,,,,,,,,,,,,,,,,,,,,,,,,,,,,,,,,,,,,
,,,,,,,,,,,,,,,,,,,,,,,,,,,,,,,,,,,,,,,,,,,,,,,,,,,,,,,,,
,,,,診斷年齡,口腔癌,,不明原發部位,,甲狀腺,,白血病,,皮膚,,肝及肝內膽管,,,,,其它淋巴瘤,,,直腸與肛門,,,肺、支氣管及氣管,,,非何杰金氏淋巴瘤,,,胃,,食道,,骨、關節及關節軟骨,,結直腸癌,,腎盂及其他泌尿系統,,睪丸,,膀胱,,攝護腺,,,,,,,,,,,
,,,,,個案數,發生率,個案數,發生率,個案數,發生率,個案數,發生率,個案數,發生率,個案數,,,,發生率,個案數,,發生率,個案數,,發生率,個案數,,發生率,個案數,,發生率,個案數,發生率,個案數,發生率,個案數,發生率,個案數,發生率,個案數,發生率,個案數,發生率,個案數,發生率,個案數,發生率,,,,,,,,,,
,,,,20~24,,,,,,,,,,,,,,,,,,,,,,,,,,,,,,,,1,69.83,,,,,1,69.83,,,,,,,,,,,,,,
,,,,25~29,,,,,,,1,73.58,,,,,,,,,,,,,,,,,,,,,,,,,,,,,,1,73.58,,,,,,,,,,,,,,
,,,,30~34,,,,,,,,,,,1,,,,71.33,,,,,,,,,,,,,,,,,,,,,,,,,,,,,,,,,,,,,,
,,,,35~39,4,241.55,,,,,,,1,60.39,,,,,,,,,,,,,,,,,,,,,,,,,,,,,,,,,,,,,,,,,,,
,,,,40~44,1,59.45,,,,,,,,,1,,,,59.45,1,,59.45,1,,59.45,,,,,,,,,,,,,1,59.45,,,,,,,,,,,,,,,,,,
,,,,45~49,1,75.70,,,,,,,,,,,,,,,,,,,,,,,,,,,,,,,,,,,,,,,,,,,,,,,,,,,
,,,,50~54,2,180.51,,,,,1,90.25,,,2,,,,180.51,,,,,,,1,,90.25,,,,,,,,,,,,,,,,,,,,,,,,,,,,,
,,,,55~59,1,151.52,,,,,1,151.52,,,,,,,,,,,,,,,,,,,,,,2,303.03,,,,,,,,,,,,,,,,,,,,,,
,,,,60~64,1,152.21,,,,,,,,,2,,,,304.41,,,,,,,1,,152.21,,,,,,1,152.21,,,,,,,,,,,,,,,,,,,,,,
,,,,65~69,1,168.07,,,,,,,1,168.07,2,,,,336.13,,,,,,,1,,168.07,,,,1,168.07,2,336.13,,,2,336.13,,,,,1,168.07,,,,,,,,,,,,
,,,,70~74,,,1,205.76,,,,,1,205.76,3,,,,617.28,,,,,,,1,,205.76,,,,,,,,,,,,1,205.76,,,1,205.76,2,411.52,,,,,,,,,,
,,,,75~79,,,,,,,,,,,2,,,,655.74,,,,,,,4,,1311.48,1,,327.87,,,,,,,,,,,,,,,1,327.87,,,,,,,,,,
,,,,80~84,,,,,1,735.29,,,,,,,,,,,,,1,,735.29,,,,,,,,,,,,,2,1470.59,,,,,,,,,,,,,,,,,,
,,,,85+,,,,,,,,,,,,,,,,,,,,,,,,,,,,,,,,,,1,1123.60,,,,,,,,,,,,,,,,,,
,,,,,,,,,,,,,,,,,,,,,,,,,,,,,,,,,,,,,,,,,,,,,,,,,,,,,,,,,
,,,,,,,,,,,,,,,,,,,,,,,,,,,,,,,,,,,,,,,,,,,,,,,,,,,,,,,,,
,,,台灣男性每10萬人口年齡別發生率，2005年,,,,,,,,,,,,,,,,,,,,,,,,,,,,,,,,,,,,,,,,,,,,,,,,,,,,,,
,,,,,,,,,,,,,,,,,,,,,,,,,,,,,,,,,,,,,,,,,,,,,,,,,,,,,,,,,
,,,,,,,,,,,,,,,,,,,,,,,,,,,,,,,,,,,,,,,,,,,,,,,,,,,,,,,,,
,,,,診斷年齡,口腔癌,,白血病,,皮膚,,肝及肝內膽管,,直腸與肛門,,肺、支氣管及氣管,,,,,非何杰金氏淋巴瘤,,,胃,,,食道,,,胰,,,骨、關節及關節軟骨,,喉,,結直腸癌,,結締組織、皮下組織及其他軟組織,,腎盂及其他泌尿系統,,腦,,膀胱,,鼻咽,,攝護腺,,,,,,,,,
,,,,,個案數,發生率,個案數,發生率,個案數,發生率,個案數,發生率,個案數,發生率,個案數,,,,發生率,個案數,,發生率,個案數,,發生率,個案數,,發生率,個案數,,發生率,個案數,發生率,個案數,發生率,個案數,發生率,個案數,發生率,個案數,發生率,個案數,發生率,個案數,發生率,個案數,發生率,個案數,發生率,,,,,,,,
,,,,0~4,,,1,90.66,,,,,,,,,,,,,,,,,,,,,,,,,,,,,,,,,,,,,,,,,,,,,,,,,
,,,,15~19,,,1,80.13,,,,,,,,,,,,1,,80.13,,,,,,,,,,,,,,,,,,,,1,80.13,,,,,,,,,,,,,,
,,,,20~24,,,,,,,,,,,,,,,,1,,71.23,,,,,,,,,,,,,,,,,,,,,,,,,,,,,,,,,,,
,,,,35~39,2,120.92,,,,,2,120.92,,,,,,,,,,,,,,,,,,,,,,,,,,,,,,,,,,,,,,,,,,,,,
,,,,40~44,2,116.69,,,,,2,116.69,,,,,,,,,,,,,,,,,,,,,,,,,,,,,,,,,,,,,,,,,,,,,
,,,,45~49,1,73.42,,,,,2,146.84,,,,,,,,,,,,,,2,,146.84,,,,,,,,,,,,,,,,,,1,73.42,,,,,,,,,,
,,,,50~54,2,168.92,,,1,84.46,2,168.92,,,1,,,,84.46,,,,,,,,,,1,,84.46,,,1,84.46,,,,,,,,,,,,,,,,,,,,,,
,,,,55~59,1,132.80,,,,,4,531.21,,,1,,,,132.80,,,,,,,,,,,,,,,,,,,1,132.80,1,132.80,,,,,,,,,,,,,,,,
,,,,60~64,,,,,1,165.84,4,663.35,,,1,,,,165.84,,,,,,,,,,,,,,,,,1,165.84,,,,,,,,,,,,,,,,,,,,
,,,,65~69,2,338.41,1,169.20,,,5,846.02,,,2,,,,338.41,,,,,,,,,,,,,,,,,2,338.41,2,338.41,,,,,1,169.20,,,1,169.20,,,,,,,,
,,,,70~74,1,190.84,,,,,5,954.20,1,190.84,1,,,,190.84,,,,,,,,,,,,,1,190.84,,,1,190.84,,,,,,,,,,,,,,,,,,,,
,,,,75~79,,,1,308.64,1,308.64,5,1543.21,2,617.28,1,,,,308.64,,,,1,,308.64,,,,,,,,,,,,,,,,,,,,,,,1,308.64,,,,,,,,
,,,,80~84,1,781.25,,,,,2,1562.50,,,1,,,,781.25,,,,,,,,,,1,,781.25,,,,,,,,,,,,,1,781.25,1,781.25,,,,,,,,,,
,,,,85+,,,,,,,,,,,,,,,,,,,,,,,,,,,,,,,,,,,,,,,,,,,,1,1123.60,,,,,,,,
,,,,,,,,,,,,,,,,,,,,,,,,,,,,,,,,,,,,,,,,,,,,,,,,,,,,,,,,,
,,,,,,,,,,,,,,,,,,,,,,,,,,,,,,,,,,,,,,,,,,,,,,,,,,,,,,,,,
,,,台灣男性每10萬人口年齡別發生率，2006年,,,,,,,,,,,,,,,,,,,,,,,,,,,,,,,,,,,,,,,,,,,,,,,,,,,,,,
,,,,,,,,,,,,,,,,,,,,,,,,,,,,,,,,,,,,,,,,,,,,,,,,,,,,,,,,,
,,,,,,,,,,,,,,,,,,,,,,,,,,,,,,,,,,,,,,,,,,,,,,,,,,,,,,,,,
,,,,診斷年齡,口腔癌,,不明原發部位,,甲狀腺,,白血病,,皮膚,,肝及肝內膽管,,,,,其他男性生殖器官,,,直腸與肛門,,,肺、支氣管及氣管,,,非何杰金氏淋巴瘤,,,食道,,結直腸癌,,腎盂及其他泌尿系統,,腦,,膀胱,,膽囊及肝外膽管,,攝護腺,,,,,,,,,,,,,
,,,,,個案數,發生率,個案數,發生率,個案數,發生率,個案數,發生率,個案數,發生率,個案數,,,,發生率,個案數,,發生率,個案數,,發生率,個案數,,發生率,個案數,,發生率,個案數,發生率,個案數,發生率,個案數,發生率,個案數,發生率,個案數,發生率,個案數,發生率,個案數,發生率,,,,,,,,,,,,
,,,,35~39,1,64.72,,,,,,,,,2,,,,129.45,,,,,,,1,,64.72,,,,,,,,,,1,64.72,,,,,,,,,,,,,,,,,,
,,,,40~44,3,176.99,,,1,59.00,,,,,,,,,,,,,,,,,,,,,,,,,,,,1,59.00,,,,,,,,,,,,,,,,,,
,,,,45~49,,,,,,,,,,,2,,,,133.69,,,,1,,66.84,,,,1,,66.84,1,66.84,1,66.84,,,,,,,,,,,,,,,,,,,,,,
,,,,50~54,,,1,84.82,,,,,,,4,,,,339.27,,,,,,,,,,,,,2,169.64,,,,,,,,,,,,,,,,,,,,,,,,
,,,,55~59,2,225.73,,,,,1,112.87,,,,,,,,,,,1,,112.87,,,,,,,,,1,112.87,1,112.87,,,,,,,,,,,,,,,,,,,,
,,,,60~64,1,174.52,,,,,,,,,2,,,,349.04,1,,174.52,2,,349.04,1,,174.52,,,,,,,,,,,,,,,,,,,,,,,,,,,,,
,,,,65~69,1,162.60,,,,,,,,,4,,,,650.41,,,,1,,162.60,1,,162.60,,,,,,,,,,,,1,162.60,,,1,162.60,,,,,,,,,,,,
,,,,70~74,,,,,,,,,1,192.31,3,,,,576.92,,,,,,,,,,,,,,,,,,,,,,,,,,,,,,,,,,,,,,
,,,,75~79,,,,,,,2,558.66,,,2,,,,558.66,,,,,,,4,,1117.32,,,,,,,,1,279.33,,,1,279.33,1,279.33,,,,,,,,,,,,,,
,,,,80~84,,,1,675.68,,,,,,,2,,,,1351.35,,,,,,,,,,,,,,,,,,,,,,,,,2,1351.35,,,,,,,,,,,,
,,,,85+,,,,,,,,,,,,,,,,,,,,,,1,,990.10,,,,,,1,990.10,,,,,,,,,,,,,,,,,,,,,,
,,,,,,,,,,,,,,,,,,,,,,,,,,,,,,,,,,,,,,,,,,,,,,,,,,,,,,,,,
,,,,,,,,,,,,,,,,,,,,,,,,,,,,,,,,,,,,,,,,,,,,,,,,,,,,,,,,,
,,,台灣男性每10萬人口年齡別發生率，2007年,,,,,,,,,,,,,,,,,,,,,,,,,,,,,,,,,,,,,,,,,,,,,,,,,,,,,,
,,,,,,,,,,,,,,,,,,,,,,,,,,,,,,,,,,,,,,,,,,,,,,,,,,,,,,,,,
,,,,,,,,,,,,,,,,,,,,,,,,,,,,,,,,,,,,,,,,,,,,,,,,,,,,,,,,,
,,,,診斷年齡,口腔癌,,皮膚,,肝及肝內膽管,,直腸與肛門,,肺、支氣管及氣管,,胃,,,,,食道,,,胰,,,結直腸癌,,,睪丸,,,腦,,膀胱,,鼻咽,,膽囊及肝外膽管,,攝護腺,,,,,,,,,,,,,,,,,
,,,,,個案數,發生率,個案數,發生率,個案數,發生率,個案數,發生率,個案數,發生率,個案數,,,,發生率,個案數,,發生率,個案數,,發生率,個案數,,發生率,個案數,,發生率,個案數,發生率,個案數,發生率,個案數,發生率,個案數,發生率,個案數,發生率,,,,,,,,,,,,,,,,
,,,,30~34,,,1,74.63,,,,,,,,,,,,,,,,,,,,,,,,,,,,,,,,,,,,,,,,,,,,,,,,,
,,,,35~39,1,64.60,,,,,,,,,,,,,,,,,,,,,,,,,,,,,,,,,,,,,,,,,,,,,,,,,,,
,,,,40~44,2,120.55,,,,,,,,,,,,,,1,,60.28,,,,,,,,,,,,,,,,,,,,,,,,,,,,,,,,,,,
,,,,45~49,1,62.50,,,1,62.50,,,,,,,,,,1,,62.50,,,,1,,62.50,1,,62.50,,,,,,,,,,,,,,,,,,,,,,,,,,
,,,,50~54,3,254.67,,,6,509.34,,,,,,,,,,,,,,,,,,,,,,1,84.89,,,1,84.89,,,,,,,,,,,,,,,,,,,,
,,,,55~59,2,202.63,,,,,,,2,202.63,,,,,,,,,,,,1,,101.32,,,,,,,,1,101.32,,,1,101.32,,,,,,,,,,,,,,,,
,,,,60~64,,,,,2,343.64,2,343.64,1,171.82,,,,,,,,,,,,,,,,,,1,171.82,1,171.82,1,171.82,,,,,,,,,,,,,,,,,,,,
,,,,65~69,1,159.74,,,3,479.23,,,2,319.49,1,,,,159.74,,,,1,,159.74,,,,,,,,,1,159.74,,,,,,,,,,,,,,,,,,,,,,
,,,,70~74,1,193.80,,,4,775.19,1,193.80,2,387.60,,,,,,,,,,,,,,,,,,,,,,,,,,,,,,,,,,,,,,,,,,,
,,,,75~79,,,,,1,261.10,1,261.10,1,261.10,,,,,,,,,,,,1,,261.10,,,,,,,,1,261.10,,,,,,,,,,,,,,,,,,,,
,,,,85+,,,1,892.86,1,892.86,1,892.86,,,,,,,,,,,,,,,,,,,,,,,,,,1,892.86,,,,,,,,,,,,,,,,,,
,,,,,,,,,,,,,,,,,,,,,,,,,,,,,,,,,,,,,,,,,,,,,,,,,,,,,,,,,
,,,,,,,,,,,,,,,,,,,,,,,,,,,,,,,,,,,,,,,,,,,,,,,,,,,,,,,,,
,,,台灣男性每10萬人口年齡別發生率，2008年,,,,,,,,,,,,,,,,,,,,,,,,,,,,,,,,,,,,,,,,,,,,,,,,,,,,,,
,,,,,,,,,,,,,,,,,,,,,,,,,,,,,,,,,,,,,,,,,,,,,,,,,,,,,,,,,
,,,,,,,,,,,,,,,,,,,,,,,,,,,,,,,,,,,,,,,,,,,,,,,,,,,,,,,,,
,,,,診斷年齡,口腔癌,,主唾液腺,,皮膚,,何杰金氏淋巴瘤,,肝及肝內膽管,,直腸與肛門,,,,,肺、支氣管及氣管,,,胃,,,食道,,,胰,,,造血系統及網狀內皮系統,,結直腸癌,,睪丸,,膀胱,,鼻咽,,膽囊及肝外膽管,,攝護腺,,,,,,,,,,,,,
,,,,,個案數,發生率,個案數,發生率,個案數,發生率,個案數,發生率,個案數,發生率,個案數,,,,發生率,個案數,,發生率,個案數,,發生率,個案數,,發生率,個案數,,發生率,個案數,發生率,個案數,發生率,個案數,發生率,個案數,發生率,個案數,發生率,個案數,發生率,個案數,發生率,,,,,,,,,,,,
,,,,15~19,,,,,,,,,,,,,,,,,,,,,,,,,,,,,,,,1,72.36,,,,,,,,,,,,,,,,,,,,
,,,,30~34,,,,,,,,,,,1,,,,72.62,,,,,,,,,,,,,,,1,72.62,,,,,,,,,,,,,,,,,,,,,,
,,,,40~44,1,60.57,,,,,,,1,60.57,,,,,,,,,1,,60.57,,,,,,,1,60.57,,,,,,,,,,,,,,,,,,,,,,,,
,,,,45~49,3,182.26,1,60.75,,,2,121.51,1,60.75,,,,,,,,,,,,1,,60.75,,,,,,,,,,,,,,,,,,,,,,,,,,,,,
,,,,50~54,3,237.91,,,1,79.30,,,1,79.30,,,,,,,,,,,,,,,,,,,,,,,,,,,,,,,,,,,,,,,,,,,
,,,,55~59,,,,,,,,,4,392.54,1,,,,98.14,,,,2,,196.27,,,,,,,,,1,98.14,,,,,,,1,98.14,,,,,,,,,,,,,,
,,,,60~64,,,,,,,,,2,329.49,,,,,,,,,,,,,,,,,,1,164.74,,,,,,,,,,,,,,,,,,,,,,,,
,,,,65~69,1,160.77,,,,,,,5,803.86,1,,,,160.77,2,,321.54,,,,,,,,,,,,2,321.54,,,,,,,,,,,,,,,,,,,,,,
,,,,70~74,,,,,,,,,2,392.93,1,,,,196.46,2,,392.93,,,,1,,196.46,,,,,,,,,,,,,,,,,,,,,,,,,,,,,
,,,,75~79,2,495.05,,,1,247.52,,,,,,,,,,3,,742.57,,,,,,,1,,247.52,,,1,247.52,,,1,247.52,,,,,3,742.57,,,,,,,,,,,,
,,,,80~84,,,,,,,,,1,505.05,,,,,,2,,1010.10,,,,,,,,,,,,2,1010.10,,,,,1,505.05,,,,,,,,,,,,,,,,
,,,,85+,1,917.43,,,,,,,,,1,,,,917.43,1,,917.43,,,,,,,1,,917.43,,,1,917.43,,,1,917.43,,,,,,,,,,,,,,,,,,
,,,,,,,,,,,,,,,,,,,,,,,,,,,,,,,,,,,,,,,,,,,,,,,,,,,,,,,,,
,,,,,,,,,,,,,,,,,,,,,,,,,,,,,,,,,,,,,,,,,,,,,,,,,,,,,,,,,
,,,台灣男性每10萬人口年齡別發生率，2009年,,,,,,,,,,,,,,,,,,,,,,,,,,,,,,,,,,,,,,,,,,,,,,,,,,,,,,
,,,,,,,,,,,,,,,,,,,,,,,,,,,,,,,,,,,,,,,,,,,,,,,,,,,,,,,,,
,,,,,,,,,,,,,,,,,,,,,,,,,,,,,,,,,,,,,,,,,,,,,,,,,,,,,,,,,
,,,,診斷年齡,口腔癌,,小腸,,甲狀腺,,皮膚,,何杰金氏淋巴瘤,,肝及肝內膽管,,,,,其他男性生殖器官,,,直腸與肛門,,,肺、支氣管及氣管,,,非何杰金氏淋巴瘤,,,胃,,食道,,胰,,喉,,結直腸癌,,腎盂及其他泌尿系統,,膀胱,,鼻咽,,鼻腔、中耳及副鼻竇,,膽囊及肝外膽管,,攝護腺,,,,,
,,,,,個案數,發生率,個案數,發生率,個案數,發生率,個案數,發生率,個案數,發生率,個案數,,,,發生率,個案數,,發生率,個案數,,發生率,個案數,,發生率,個案數,,發生率,個案數,發生率,個案數,發生率,個案數,發生率,個案數,發生率,個案數,發生率,個案數,發生率,個案數,發生率,個案數,發生率,個案數,發生率,個案數,發生率,個案數,發生率,,,,
,,,,35~39,1,67.75,,,,,,,,,,,,,,,,,,,,,,,,,,,,,,,,,,,,,,,,,,,,,,,,,,,
,,,,40~44,1,62.19,,,,,,,,,3,,,,186.57,,,,,,,,,,,,,1,62.19,,,,,,,1,62.19,,,,,,,1,62.19,,,,,,,,
,,,,45~49,3,179.43,,,,,2,119.62,,,1,,,,59.81,,,,1,,59.81,,,,,,,,,,,,,,,,,,,,,,,,,,,,,,,,
,,,,50~54,6,452.15,,,1,75.36,,,1,75.36,3,,,,226.07,,,,1,,75.36,1,,75.36,,,,1,75.36,,,,,,,,,,,,,,,,,,,,,,,,
,,,,55~59,2,182.15,,,,,,,,,5,,,,455.37,1,,91.07,,,,,,,,,,,,,,,,,,,,,,1,91.07,1,91.07,,,,,,,,,,
,,,,60~64,,,1,154.80,,,,,,,,,,,,,,,1,,154.80,2,,309.60,1,,154.80,,,,,,,,,,,,,1,154.80,,,1,154.80,,,1,154.80,,,,
,,,,65~69,2,330.58,,,,,,,,,2,,,,330.58,,,,,,,1,,165.29,,,,1,165.29,1,165.29,1,165.29,1,165.29,,,,,,,,,,,1,165.29,1,165.29,,,,
,,,,70~74,3,584.80,1,194.93,,,,,,,3,,,,584.80,,,,,,,1,,194.93,,,,,,,,,,,,,,,,,,,,,,,,1,194.93,,,,
,,,,75~79,,,,,,,3,738.92,,,1,,,,246.31,,,,1,,246.31,5,,1231.53,,,,2,492.61,,,,,,,,,1,246.31,,,,,,,,,2,492.61,,,,
,,,,80~84,,,,,,,,,,,,,,,,,,,,,,1,,438.60,,,,,,,,1,438.60,,,,,1,438.60,,,,,,,,,,,,,,
,,,,85+,,,,,,,,,,,,,,,,,,,,,,1,,900.90,,,,,,,,,,,,,,,,,,,,,,1,900.90,,,,,,
,,,,,,,,,,,,,,,,,,,,,,,,,,,,,,,,,,,,,,,,,,,,,,,,,,,,,,,,,
,,,,,,,,,,,,,,,,,,,,,,,,,,,,,,,,,,,,,,,,,,,,,,,,,,,,,,,,,
,,,台灣男性每10萬人口年齡別發生率，2010年,,,,,,,,,,,,,,,,,,,,,,,,,,,,,,,,,,,,,,,,,,,,,,,,,,,,,,
,,,,,,,,,,,,,,,,,,,,,,,,,,,,,,,,,,,,,,,,,,,,,,,,,,,,,,,,,
,,,,,,,,,,,,,,,,,,,,,,,,,,,,,,,,,,,,,,,,,,,,,,,,,,,,,,,,,
,,,,診斷年齡,口腔癌,,不明原發部位,,皮膚,,肝及肝內膽管,,直腸與肛門,,肺、支氣管及氣管,,,,,非何杰金氏淋巴瘤,,,胃,,,食道,,,胰,,,結直腸癌,,腎,,腎盂及其他泌尿系統,,膀胱,,鼻咽,,膽囊及肝外膽管,,攝護腺,,,,,,,,,,,,,
,,,,,個案數,發生率,個案數,發生率,個案數,發生率,個案數,發生率,個案數,發生率,個案數,,,,發生率,個案數,,發生率,個案數,,發生率,個案數,,發生率,個案數,,發生率,個案數,發生率,個案數,發生率,個案數,發生率,個案數,發生率,個案數,發生率,個案數,發生率,個案數,發生率,,,,,,,,,,,,
,,,,35~39,3,209.79,,,,,,,,,,,,,,,,,,,,,,,,,,,,,,,,,,,,,,,,,,,,,,,,,,,
,,,,40~44,3,182.04,,,,,1,60.68,,,1,,,,60.68,,,,,,,2,,121.36,,,,,,,,,,,,,,,,,,,,,,,,,,,,,
,,,,45~49,2,116.89,,,,,2,116.89,,,,,,,,,,,,,,1,,58.45,,,,,,,,,,,,,,,,,,,,,,,,,,,,,
,,,,50~54,1,72.78,,,1,72.78,,,,,1,,,,72.78,,,,,,,,,,,,,,,,,,,1,72.78,1,72.78,,,,,,,,,,,,,,,,
,,,,55~59,2,172.27,,,,,3,258.40,,,1,,,,86.13,1,,86.13,,,,1,,86.13,,,,,,1,86.13,,,,,,,,,,,,,,,,,,,,,,
,,,,60~64,1,135.32,1,135.32,,,2,270.64,1,135.32,2,,,,270.64,,,,,,,1,,135.32,1,,135.32,1,135.32,,,1,135.32,,,1,135.32,1,135.32,,,,,,,,,,,,,,
,,,,65~69,1,180.51,,,,,1,180.51,2,361.01,1,,,,180.51,1,,180.51,1,,180.51,,,,,,,,,,,,,1,180.51,,,,,,,,,,,,,,,,,,
,,,,70~74,,,,,,,1,192.31,1,192.31,,,,,,1,,192.31,,,,,,,,,,1,192.31,,,,,,,1,192.31,,,,,,,,,,,,,,,,
,,,,75~79,1,229.36,,,,,,,2,458.72,4,,,,917.43,,,,,,,,,,,,,,,,,,,,,,,,,1,229.36,,,,,,,,,,,,
,,,,80~84,,,,,,,4,1666.67,1,416.67,3,,,,1250.00,,,,1,,416.67,,,,,,,,,,,,,1,416.67,,,,,1,416.67,,,,,,,,,,,,
,,,,85+,,,,,,,,,1,877.19,1,,,,877.19,,,,,,,,,,,,,1,877.19,,,1,877.19,,,,,,,,,,,,,,,,,,,,
,,,,,,,,,,,,,,,,,,,,,,,,,,,,,,,,,,,,,,,,,,,,,,,,,,,,,,,,,
,,,,,,,,,,,,,,,,,,,,,,,,,,,,,,,,,,,,,,,,,,,,,,,,,,,,,,,,,
,,,台灣女性每10萬人口年齡別發生率，1979年,,,,,,,,,,,,,,,,,,,,,,,,,,,,,,,,,,,,,,,,,,,,,,,,,,,,,,
,,,,,,,,,,,,,,,,,,,,,,,,,,,,,,,,,,,,,,,,,,,,,,,,,,,,,,,,,
,,,,,,,,,,,,,,,,,,,,,,,,,,,,,,,,,,,,,,,,,,,,,,,,,,,,,,,,,
,,,,診斷年齡,子宮頸,,肺、支氣管及氣管,,胃,,,,,,,,,,,,,,,,,,,,,,,,,,,,,,,,,,,,,,,,,,,,,,,,
,,,,,個案數,發生率,個案數,發生率,個案數,發生率,,,,,,,,,,,,,,,,,,,,,,,,,,,,,,,,,,,,,,,,,,,,,,,
,,,,30~34,,,,,1,182.48,,,,,,,,,,,,,,,,,,,,,,,,,,,,,,,,,,,,,,,,,,,,,,,
,,,,55~59,1,240.96,,,,,,,,,,,,,,,,,,,,,,,,,,,,,,,,,,,,,,,,,,,,,,,,,,,
,,,,60~64,,,1,259.07,,,,,,,,,,,,,,,,,,,,,,,,,,,,,,,,,,,,,,,,,,,,,,,,,
,,,,,,,,,,,,,,,,,,,,,,,,,,,,,,,,,,,,,,,,,,,,,,,,,,,,,,,,,
,,,,,,,,,,,,,,,,,,,,,,,,,,,,,,,,,,,,,,,,,,,,,,,,,,,,,,,,,
,,,台灣女性每10萬人口年齡別發生率，1980年,,,,,,,,,,,,,,,,,,,,,,,,,,,,,,,,,,,,,,,,,,,,,,,,,,,,,,
,,,,,,,,,,,,,,,,,,,,,,,,,,,,,,,,,,,,,,,,,,,,,,,,,,,,,,,,,
,,,,,,,,,,,,,,,,,,,,,,,,,,,,,,,,,,,,,,,,,,,,,,,,,,,,,,,,,
,,,,診斷年齡,女性乳房,,其他女性生殖器官,,後腹膜腔及腹膜,,鼻咽,,,,,,,,,,,,,,,,,,,,,,,,,,,,,,,,,,,,,,,,,,,,,,
,,,,,個案數,發生率,個案數,發生率,個案數,發生率,個案數,發生率,,,,,,,,,,,,,,,,,,,,,,,,,,,,,,,,,,,,,,,,,,,,,
,,,,45~49,,,1,141.24,,,,,,,,,,,,,,,,,,,,,,,,,,,,,,,,,,,,,,,,,,,,,,,,,
,,,,50~54,1,161.55,,,,,,,,,,,,,,,,,,,,,,,,,,,,,,,,,,,,,,,,,,,,,,,,,,,
,,,,55~59,,,,,,,1,230.95,,,,,,,,,,,,,,,,,,,,,,,,,,,,,,,,,,,,,,,,,,,,,
,,,,60~64,,,,,1,262.47,,,,,,,,,,,,,,,,,,,,,,,,,,,,,,,,,,,,,,,,,,,,,,,
,,,,,,,,,,,,,,,,,,,,,,,,,,,,,,,,,,,,,,,,,,,,,,,,,,,,,,,,,
,,,,,,,,,,,,,,,,,,,,,,,,,,,,,,,,,,,,,,,,,,,,,,,,,,,,,,,,,
,,,台灣女性每10萬人口年齡別發生率，1981年,,,,,,,,,,,,,,,,,,,,,,,,,,,,,,,,,,,,,,,,,,,,,,,,,,,,,,
,,,,,,,,,,,,,,,,,,,,,,,,,,,,,,,,,,,,,,,,,,,,,,,,,,,,,,,,,
,,,,,,,,,,,,,,,,,,,,,,,,,,,,,,,,,,,,,,,,,,,,,,,,,,,,,,,,,
,,,,診斷年齡,子宮頸,,胃,,,,,,,,,,,,,,,,,,,,,,,,,,,,,,,,,,,,,,,,,,,,,,,,,,
,,,,,個案數,發生率,個案數,發生率,,,,,,,,,,,,,,,,,,,,,,,,,,,,,,,,,,,,,,,,,,,,,,,,,
,,,,40~44,1,151.52,,,,,,,,,,,,,,,,,,,,,,,,,,,,,,,,,,,,,,,,,,,,,,,,,,,
,,,,50~54,,,1,150.38,,,,,,,,,,,,,,,,,,,,,,,,,,,,,,,,,,,,,,,,,,,,,,,,,
,,,,55~59,1,234.19,,,,,,,,,,,,,,,,,,,,,,,,,,,,,,,,,,,,,,,,,,,,,,,,,,,
,,,,65~69,1,303.03,,,,,,,,,,,,,,,,,,,,,,,,,,,,,,,,,,,,,,,,,,,,,,,,,,,
,,,,,,,,,,,,,,,,,,,,,,,,,,,,,,,,,,,,,,,,,,,,,,,,,,,,,,,,,
,,,,,,,,,,,,,,,,,,,,,,,,,,,,,,,,,,,,,,,,,,,,,,,,,,,,,,,,,
,,,台灣女性每10萬人口年齡別發生率，1982年,,,,,,,,,,,,,,,,,,,,,,,,,,,,,,,,,,,,,,,,,,,,,,,,,,,,,,
,,,,,,,,,,,,,,,,,,,,,,,,,,,,,,,,,,,,,,,,,,,,,,,,,,,,,,,,,
,,,,,,,,,,,,,,,,,,,,,,,,,,,,,,,,,,,,,,,,,,,,,,,,,,,,,,,,,
,,,,診斷年齡,子宮頸,,皮膚,,肝及肝內膽管,,直腸與肛門,,骨、關節及關節軟骨,,結直腸癌,,,,,,,,,,,,,,,,,,,,,,,,,,,,,,,,,,,,,,,,,,
,,,,,個案數,發生率,個案數,發生率,個案數,發生率,個案數,發生率,個案數,發生率,個案數,,,,發生率,,,,,,,,,,,,,,,,,,,,,,,,,,,,,,,,,,,,,,
,,,,10~14,,,,,,,,,,,1,,,,74.91,,,,,,,,,,,,,,,,,,,,,,,,,,,,,,,,,,,,,,
,,,,15~19,,,,,,,,,1,59.84,,,,,,,,,,,,,,,,,,,,,,,,,,,,,,,,,,,,,,,,,,,
,,,,40~44,1,149.03,1,149.03,1,149.03,,,,,,,,,,,,,,,,,,,,,,,,,,,,,,,,,,,,,,,,,,,,,,,
,,,,45~49,2,286.12,,,,,,,,,,,,,,,,,,,,,,,,,,,,,,,,,,,,,,,,,,,,,,,,,,,
,,,,50~54,2,305.34,,,,,1,152.67,,,,,,,,,,,,,,,,,,,,,,,,,,,,,,,,,,,,,,,,,,,,,
,,,,60~64,,,,,,,1,257.73,,,,,,,,,,,,,,,,,,,,,,,,,,,,,,,,,,,,,,,,,,,,,
,,,,65~69,2,589.97,,,,,,,,,,,,,,,,,,,,,,,,,,,,,,,,,,,,,,,,,,,,,,,,,,,
,,,,,,,,,,,,,,,,,,,,,,,,,,,,,,,,,,,,,,,,,,,,,,,,,,,,,,,,,
,,,,,,,,,,,,,,,,,,,,,,,,,,,,,,,,,,,,,,,,,,,,,,,,,,,,,,,,,
,,,台灣女性每10萬人口年齡別發生率，1983年,,,,,,,,,,,,,,,,,,,,,,,,,,,,,,,,,,,,,,,,,,,,,,,,,,,,,,
,,,,,,,,,,,,,,,,,,,,,,,,,,,,,,,,,,,,,,,,,,,,,,,,,,,,,,,,,
,,,,,,,,,,,,,,,,,,,,,,,,,,,,,,,,,,,,,,,,,,,,,,,,,,,,,,,,,
,,,,診斷年齡,女性乳房,,子宮頸,,子宮體,,直腸與肛門,,肺、支氣管及氣管,,胃,,,,,鼻咽,,,,,,,,,,,,,,,,,,,,,,,,,,,,,,,,,,,,,
,,,,,個案數,發生率,個案數,發生率,個案數,發生率,個案數,發生率,個案數,發生率,個案數,,,,發生率,個案數,,發生率,,,,,,,,,,,,,,,,,,,,,,,,,,,,,,,,,,,
,,,,40~44,2,298.51,,,,,,,,,,,,,,,,,,,,,,,,,,,,,,,,,,,,,,,,,,,,,,,,,,,
,,,,45~49,,,1,149.93,,,1,149.93,,,,,,,,,,,,,,,,,,,,,,,,,,,,,,,,,,,,,,,,,,,,,
,,,,55~59,,,,,,,,,,,,,,,,1,,194.55,,,,,,,,,,,,,,,,,,,,,,,,,,,,,,,,,,,
,,,,60~64,,,,,,,,,,,1,,,,254.45,,,,,,,,,,,,,,,,,,,,,,,,,,,,,,,,,,,,,,
,,,,65~69,,,,,1,288.18,,,,,,,,,,,,,,,,,,,,,,,,,,,,,,,,,,,,,,,,,,,,,,,
,,,,70~74,,,,,,,,,1,359.71,,,,,,,,,,,,,,,,,,,,,,,,,,,,,,,,,,,,,,,,,,,
,,,,,,,,,,,,,,,,,,,,,,,,,,,,,,,,,,,,,,,,,,,,,,,,,,,,,,,,,
,,,,,,,,,,,,,,,,,,,,,,,,,,,,,,,,,,,,,,,,,,,,,,,,,,,,,,,,,
,,,台灣女性每10萬人口年齡別發生率，1984年,,,,,,,,,,,,,,,,,,,,,,,,,,,,,,,,,,,,,,,,,,,,,,,,,,,,,,
,,,,,,,,,,,,,,,,,,,,,,,,,,,,,,,,,,,,,,,,,,,,,,,,,,,,,,,,,
,,,,,,,,,,,,,,,,,,,,,,,,,,,,,,,,,,,,,,,,,,,,,,,,,,,,,,,,,
,,,,診斷年齡,子宮頸,,肺、支氣管及氣管,,食道,,造血系統及網狀內皮系統,,膽囊及肝外膽管,,,,,,,,,,,,,,,,,,,,,,,,,,,,,,,,,,,,,,,,,,,,
,,,,,個案數,發生率,個案數,發生率,個案數,發生率,個案數,發生率,個案數,發生率,,,,,,,,,,,,,,,,,,,,,,,,,,,,,,,,,,,,,,,,,,,
,,,,40~44,,,,,,,,,1,156.74,,,,,,,,,,,,,,,,,,,,,,,,,,,,,,,,,,,,,,,,,,,
,,,,45~49,1,152.91,,,,,,,,,,,,,,,,,,,,,,,,,,,,,,,,,,,,,,,,,,,,,,,,,,,
,,,,50~54,,,,,,,1,146.84,,,,,,,,,,,,,,,,,,,,,,,,,,,,,,,,,,,,,,,,,,,,,
,,,,55~59,1,175.75,,,,,,,,,,,,,,,,,,,,,,,,,,,,,,,,,,,,,,,,,,,,,,,,,,,
,,,,65~69,,,,,,,1,283.29,,,,,,,,,,,,,,,,,,,,,,,,,,,,,,,,,,,,,,,,,,,,,
,,,,70~74,,,1,353.36,1,353.36,,,,,,,,,,,,,,,,,,,,,,,,,,,,,,,,,,,,,,,,,,,,,,,
,,,,,,,,,,,,,,,,,,,,,,,,,,,,,,,,,,,,,,,,,,,,,,,,,,,,,,,,,
,,,,,,,,,,,,,,,,,,,,,,,,,,,,,,,,,,,,,,,,,,,,,,,,,,,,,,,,,
,,,台灣女性每10萬人口年齡別發生率，1985年,,,,,,,,,,,,,,,,,,,,,,,,,,,,,,,,,,,,,,,,,,,,,,,,,,,,,,
,,,,,,,,,,,,,,,,,,,,,,,,,,,,,,,,,,,,,,,,,,,,,,,,,,,,,,,,,
,,,,,,,,,,,,,,,,,,,,,,,,,,,,,,,,,,,,,,,,,,,,,,,,,,,,,,,,,
,,,,診斷年齡,女性乳房,,子宮頸,,其它淋巴瘤,,結直腸癌,,鼻咽,,,,,,,,,,,,,,,,,,,,,,,,,,,,,,,,,,,,,,,,,,,,
,,,,,個案數,發生率,個案數,發生率,個案數,發生率,個案數,發生率,個案數,發生率,,,,,,,,,,,,,,,,,,,,,,,,,,,,,,,,,,,,,,,,,,,
,,,,45~49,2,313.48,,,,,,,,,,,,,,,,,,,,,,,,,,,,,,,,,,,,,,,,,,,,,,,,,,,
,,,,50~54,,,,,1,143.88,,,,,,,,,,,,,,,,,,,,,,,,,,,,,,,,,,,,,,,,,,,,,,,
,,,,55~59,,,1,165.56,,,,,1,165.56,,,,,,,,,,,,,,,,,,,,,,,,,,,,,,,,,,,,,,,,,,,
,,,,60~64,,,1,242.13,,,,,,,,,,,,,,,,,,,,,,,,,,,,,,,,,,,,,,,,,,,,,,,,,
,,,,70~74,,,,,,,1,344.83,,,,,,,,,,,,,,,,,,,,,,,,,,,,,,,,,,,,,,,,,,,,,
,,,,,,,,,,,,,,,,,,,,,,,,,,,,,,,,,,,,,,,,,,,,,,,,,,,,,,,,,
,,,,,,,,,,,,,,,,,,,,,,,,,,,,,,,,,,,,,,,,,,,,,,,,,,,,,,,,,
,,,台灣女性每10萬人口年齡別發生率，1986年,,,,,,,,,,,,,,,,,,,,,,,,,,,,,,,,,,,,,,,,,,,,,,,,,,,,,,
,,,,,,,,,,,,,,,,,,,,,,,,,,,,,,,,,,,,,,,,,,,,,,,,,,,,,,,,,
,,,,,,,,,,,,,,,,,,,,,,,,,,,,,,,,,,,,,,,,,,,,,,,,,,,,,,,,,
,,,,診斷年齡,女性乳房,,子宮頸,,子宮體,,不明原發部位,,皮膚,,其他女性生殖器官,,,,,直腸與肛門,,,胃,,,,,,,,,,,,,,,,,,,,,,,,,,,,,,,,,,
,,,,,個案數,發生率,個案數,發生率,個案數,發生率,個案數,發生率,個案數,發生率,個案數,,,,發生率,個案數,,發生率,個案數,,發生率,,,,,,,,,,,,,,,,,,,,,,,,,,,,,,,,
,,,,10~14,,,,,,,1,86.66,,,,,,,,,,,,,,,,,,,,,,,,,,,,,,,,,,,,,,,,,,,,,
,,,,25~29,1,83.47,,,,,,,,,,,,,,,,,,,,,,,,,,,,,,,,,,,,,,,,,,,,,,,,,,,
,,,,30~34,1,125.63,,,,,,,,,,,,,,,,,,,,,,,,,,,,,,,,,,,,,,,,,,,,,,,,,,,
,,,,35~39,1,155.04,,,,,,,,,,,,,,,,,,,,,,,,,,,,,,,,,,,,,,,,,,,,,,,,,,,
,,,,45~49,,,1,153.14,,,,,,,,,,,,,,,,,,,,,,,,,,,,,,,,,,,,,,,,,,,,,,,,,
,,,,55~59,,,,,,,,,,,,,,,,,,,1,,151.98,,,,,,,,,,,,,,,,,,,,,,,,,,,,,,,,
,,,,60~64,1,244.50,1,244.50,,,,,1,244.50,,,,,,,,,1,,244.50,,,,,,,,,,,,,,,,,,,,,,,,,,,,,,,,
,,,,70~74,,,,,,,,,,,1,,,,344.83,1,,344.83,,,,,,,,,,,,,,,,,,,,,,,,,,,,,,,,,,,
,,,,80~84,,,,,1,1123.60,,,,,,,,,,,,,,,,,,,,,,,,,,,,,,,,,,,,,,,,,,,,,,,
,,,,,,,,,,,,,,,,,,,,,,,,,,,,,,,,,,,,,,,,,,,,,,,,,,,,,,,,,
,,,,,,,,,,,,,,,,,,,,,,,,,,,,,,,,,,,,,,,,,,,,,,,,,,,,,,,,,
,,,台灣女性每10萬人口年齡別發生率，1987年,,,,,,,,,,,,,,,,,,,,,,,,,,,,,,,,,,,,,,,,,,,,,,,,,,,,,,
,,,,,,,,,,,,,,,,,,,,,,,,,,,,,,,,,,,,,,,,,,,,,,,,,,,,,,,,,
,,,,,,,,,,,,,,,,,,,,,,,,,,,,,,,,,,,,,,,,,,,,,,,,,,,,,,,,,
,,,,診斷年齡,女性乳房,,子宮頸,,肝及肝內膽管,,肺、支氣管及氣管,,結直腸癌,,鼻咽,,,,,,,,,,,,,,,,,,,,,,,,,,,,,,,,,,,,,,,,,,
,,,,,個案數,發生率,個案數,發生率,個案數,發生率,個案數,發生率,個案數,發生率,個案數,,,,發生率,,,,,,,,,,,,,,,,,,,,,,,,,,,,,,,,,,,,,,
,,,,40~44,,,,,,,1,194.93,1,194.93,,,,,,,,,,,,,,,,,,,,,,,,,,,,,,,,,,,,,,,,,,,
,,,,45~49,,,1,153.14,,,,,,,,,,,,,,,,,,,,,,,,,,,,,,,,,,,,,,,,,,,,,,,,,
,,,,50~54,1,146.20,1,146.20,,,,,,,,,,,,,,,,,,,,,,,,,,,,,,,,,,,,,,,,,,,,,,,,,
,,,,55~59,,,,,,,1,155.04,,,1,,,,155.04,,,,,,,,,,,,,,,,,,,,,,,,,,,,,,,,,,,,,,
,,,,60~64,,,2,456.62,1,228.31,,,,,,,,,,,,,,,,,,,,,,,,,,,,,,,,,,,,,,,,,,,,,,,
,,,,70~74,,,,,1,347.22,,,,,,,,,,,,,,,,,,,,,,,,,,,,,,,,,,,,,,,,,,,,,,,
,,,,,,,,,,,,,,,,,,,,,,,,,,,,,,,,,,,,,,,,,,,,,,,,,,,,,,,,,
,,,,,,,,,,,,,,,,,,,,,,,,,,,,,,,,,,,,,,,,,,,,,,,,,,,,,,,,,
,,,台灣女性每10萬人口年齡別發生率，1988年,,,,,,,,,,,,,,,,,,,,,,,,,,,,,,,,,,,,,,,,,,,,,,,,,,,,,,
,,,,,,,,,,,,,,,,,,,,,,,,,,,,,,,,,,,,,,,,,,,,,,,,,,,,,,,,,
,,,,,,,,,,,,,,,,,,,,,,,,,,,,,,,,,,,,,,,,,,,,,,,,,,,,,,,,,
,,,,診斷年齡,女性乳房,,甲狀腺,,肝及肝內膽管,,其他女性生殖器官,,其他神經系統,,直腸與肛門,,,,,肺、支氣管及氣管,,,,,,,,,,,,,,,,,,,,,,,,,,,,,,,,,,,,,
,,,,,個案數,發生率,個案數,發生率,個案數,發生率,個案數,發生率,個案數,發生率,個案數,,,,發生率,個案數,,發生率,,,,,,,,,,,,,,,,,,,,,,,,,,,,,,,,,,,
,,,,30~34,,,,,,,,,,,1,,,,119.19,,,,,,,,,,,,,,,,,,,,,,,,,,,,,,,,,,,,,,
,,,,35~39,1,149.03,,,,,1,149.03,,,1,,,,149.03,,,,,,,,,,,,,,,,,,,,,,,,,,,,,,,,,,,,,,
,,,,50~54,,,1,149.70,,,,,1,149.70,,,,,,,,,,,,,,,,,,,,,,,,,,,,,,,,,,,,,,,,,,,
,,,,55~59,,,,,,,,,,,,,,,,1,,153.85,,,,,,,,,,,,,,,,,,,,,,,,,,,,,,,,,,,
,,,,65~69,,,,,1,271.74,,,,,,,,,,,,,,,,,,,,,,,,,,,,,,,,,,,,,,,,,,,,,,,
,,,,,,,,,,,,,,,,,,,,,,,,,,,,,,,,,,,,,,,,,,,,,,,,,,,,,,,,,
,,,,,,,,,,,,,,,,,,,,,,,,,,,,,,,,,,,,,,,,,,,,,,,,,,,,,,,,,
,,,台灣女性每10萬人口年齡別發生率，1989年,,,,,,,,,,,,,,,,,,,,,,,,,,,,,,,,,,,,,,,,,,,,,,,,,,,,,,
,,,,,,,,,,,,,,,,,,,,,,,,,,,,,,,,,,,,,,,,,,,,,,,,,,,,,,,,,
,,,,,,,,,,,,,,,,,,,,,,,,,,,,,,,,,,,,,,,,,,,,,,,,,,,,,,,,,
,,,,診斷年齡,女性乳房,,肝及肝內膽管,,其他女性生殖器官,,直腸與肛門,,胃,,胰,,,,,膀胱,,,鼻咽,,,膽囊及肝外膽管,,,,,,,,,,,,,,,,,,,,,,,,,,,,,,,
,,,,,個案數,發生率,個案數,發生率,個案數,發生率,個案數,發生率,個案數,發生率,個案數,,,,發生率,個案數,,發生率,個案數,,發生率,個案數,,發生率,,,,,,,,,,,,,,,,,,,,,,,,,,,,,
,,,,30~34,,,,,,,1,112.23,,,,,,,,,,,,,,,,,,,,,,,,,,,,,,,,,,,,,,,,,,,,,
,,,,45~49,1,161.03,,,,,,,,,,,,,,1,,161.03,,,,1,,161.03,,,,,,,,,,,,,,,,,,,,,,,,,,,,,
,,,,55~59,,,,,1,148.81,,,1,148.81,,,,,,,,,1,,148.81,,,,,,,,,,,,,,,,,,,,,,,,,,,,,,,,
,,,,70~74,,,1,326.80,,,,,,,1,,,,326.80,,,,,,,,,,,,,,,,,,,,,,,,,,,,,,,,,,,,,,
,,,,75~79,,,,,,,,,1,456.62,,,,,,,,,,,,,,,,,,,,,,,,,,,,,,,,,,,,,,,,,,,
,,,,85+,,,1,2325.58,,,,,,,,,,,,,,,,,,,,,,,,,,,,,,,,,,,,,,,,,,,,,,,,,
,,,,,,,,,,,,,,,,,,,,,,,,,,,,,,,,,,,,,,,,,,,,,,,,,,,,,,,,,
,,,,,,,,,,,,,,,,,,,,,,,,,,,,,,,,,,,,,,,,,,,,,,,,,,,,,,,,,
,,,台灣女性每10萬人口年齡別發生率，1990年,,,,,,,,,,,,,,,,,,,,,,,,,,,,,,,,,,,,,,,,,,,,,,,,,,,,,,
,,,,,,,,,,,,,,,,,,,,,,,,,,,,,,,,,,,,,,,,,,,,,,,,,,,,,,,,,
,,,,,,,,,,,,,,,,,,,,,,,,,,,,,,,,,,,,,,,,,,,,,,,,,,,,,,,,,
,,,,診斷年齡,女性乳房,,子宮頸,,白血病,,皮膚,,直腸與肛門,,肺、支氣管及氣管,,,,,結直腸癌,,,腎,,,腎盂及其他泌尿系統,,,,,,,,,,,,,,,,,,,,,,,,,,,,,,,
,,,,,個案數,發生率,個案數,發生率,個案數,發生率,個案數,發生率,個案數,發生率,個案數,,,,發生率,個案數,,發生率,個案數,,發生率,個案數,,發生率,,,,,,,,,,,,,,,,,,,,,,,,,,,,,
,,,,25~29,,,,,1,82.51,,,,,,,,,,,,,,,,,,,,,,,,,,,,,,,,,,,,,,,,,,,,,,,
,,,,30~34,,,2,215.98,,,,,,,,,,,,,,,,,,,,,,,,,,,,,,,,,,,,,,,,,,,,,,,,,
,,,,40~44,,,1,171.23,,,,,,,,,,,,,,,,,,,,,,,,,,,,,,,,,,,,,,,,,,,,,,,,,
,,,,45~49,,,1,174.22,,,,,,,,,,,,,,,,,,,,,,,,,,,,,,,,,,,,,,,,,,,,,,,,,
,,,,50~54,2,312.50,,,,,,,,,,,,,,,,,,,,,,,,,,,,,,,,,,,,,,,,,,,,,,,,,,,
,,,,55~59,1,144.30,,,,,,,,,,,,,,,,,,,,,,,,,,,,,,,,,,,,,,,,,,,,,,,,,,,
,,,,65~69,,,,,,,1,254.45,1,254.45,1,,,,254.45,1,,254.45,,,,1,,254.45,,,,,,,,,,,,,,,,,,,,,,,,,,,,,
,,,,70~74,,,,,,,,,,,,,,,,1,,307.69,1,,307.69,,,,,,,,,,,,,,,,,,,,,,,,,,,,,,,,
,,,,75~79,,,,,,,,,,,,,,,,,,,,,,1,,454.55,,,,,,,,,,,,,,,,,,,,,,,,,,,,,
,,,,80~84,,,1,862.07,,,,,,,,,,,,,,,,,,,,,,,,,,,,,,,,,,,,,,,,,,,,,,,,,
,,,,,,,,,,,,,,,,,,,,,,,,,,,,,,,,,,,,,,,,,,,,,,,,,,,,,,,,,
,,,,,,,,,,,,,,,,,,,,,,,,,,,,,,,,,,,,,,,,,,,,,,,,,,,,,,,,,
,,,台灣女性每10萬人口年齡別發生率，1991年,,,,,,,,,,,,,,,,,,,,,,,,,,,,,,,,,,,,,,,,,,,,,,,,,,,,,,
,,,,,,,,,,,,,,,,,,,,,,,,,,,,,,,,,,,,,,,,,,,,,,,,,,,,,,,,,
,,,,,,,,,,,,,,,,,,,,,,,,,,,,,,,,,,,,,,,,,,,,,,,,,,,,,,,,,
,,,,診斷年齡,女性乳房,,子宮頸,,不明原發部位,,皮膚,,肝及肝內膽管,,直腸與肛門,,,,,肺、支氣管及氣管,,,腦,,,,,,,,,,,,,,,,,,,,,,,,,,,,,,,,,,
,,,,,個案數,發生率,個案數,發生率,個案數,發生率,個案數,發生率,個案數,發生率,個案數,,,,發生率,個案數,,發生率,個案數,,發生率,,,,,,,,,,,,,,,,,,,,,,,,,,,,,,,,
,,,,20~24,,,1,74.63,,,,,,,,,,,,,,,,,,,,,,,,,,,,,,,,,,,,,,,,,,,,,,,,,
,,,,45~49,,,,,1,182.82,,,,,,,,,,,,,,,,,,,,,,,,,,,,,,,,,,,,,,,,,,,,,,,
,,,,50~54,1,154.08,,,,,,,,,,,,,,,,,,,,,,,,,,,,,,,,,,,,,,,,,,,,,,,,,,,
,,,,55~59,,,,,,,,,,,1,,,,149.48,,,,,,,,,,,,,,,,,,,,,,,,,,,,,,,,,,,,,,
,,,,65~69,,,,,,,,,1,258.40,,,,,,,,,,,,,,,,,,,,,,,,,,,,,,,,,,,,,,,,,,,
,,,,70~74,,,,,,,1,294.99,,,,,,,,,,,1,,294.99,,,,,,,,,,,,,,,,,,,,,,,,,,,,,,,,
,,,,75~79,,,,,,,,,,,,,,,,1,,448.43,,,,,,,,,,,,,,,,,,,,,,,,,,,,,,,,,,,
,,,,,,,,,,,,,,,,,,,,,,,,,,,,,,,,,,,,,,,,,,,,,,,,,,,,,,,,,
,,,,,,,,,,,,,,,,,,,,,,,,,,,,,,,,,,,,,,,,,,,,,,,,,,,,,,,,,
,,,台灣女性每10萬人口年齡別發生率，1992年,,,,,,,,,,,,,,,,,,,,,,,,,,,,,,,,,,,,,,,,,,,,,,,,,,,,,,
,,,,,,,,,,,,,,,,,,,,,,,,,,,,,,,,,,,,,,,,,,,,,,,,,,,,,,,,,
,,,,,,,,,,,,,,,,,,,,,,,,,,,,,,,,,,,,,,,,,,,,,,,,,,,,,,,,,
,,,,診斷年齡,子宮,,子宮頸,,不明原發部位,,白血病,,肝及肝內膽管,,肺、支氣管及氣管,,,,,造血系統及網狀內皮系統,,,結直腸癌,,,鼻咽,,,,,,,,,,,,,,,,,,,,,,,,,,,,,,,
,,,,,個案數,發生率,個案數,發生率,個案數,發生率,個案數,發生率,個案數,發生率,個案數,,,,發生率,個案數,,發生率,個案數,,發生率,個案數,,發生率,,,,,,,,,,,,,,,,,,,,,,,,,,,,,
,,,,0~4,,,,,,,1,89.85,,,,,,,,,,,,,,,,,,,,,,,,,,,,,,,,,,,,,,,,,,,,,
,,,,40~44,,,1,147.71,,,,,,,,,,,,,,,,,,,,,,,,,,,,,,,,,,,,,,,,,,,,,,,,,
,,,,45~49,1,188.68,1,188.68,,,,,,,,,,,,,,,,,,,,,,,,,,,,,,,,,,,,,,,,,,,,,,,,,
,,,,55~59,,,2,291.55,,,1,145.77,,,,,,,,,,,,,,,,,,,,,,,,,,,,,,,,,,,,,,,,,,,,,
,,,,60~64,,,,,1,153.85,,,1,153.85,1,,,,153.85,,,,,,,3,,461.54,,,,,,,,,,,,,,,,,,,,,,,,,,,,,
,,,,65~69,,,,,,,,,,,2,,,,467.29,,,,1,,233.64,,,,,,,,,,,,,,,,,,,,,,,,,,,,,,,,
,,,,70~74,,,1,291.55,,,,,1,291.55,,,,,,,,,,,,,,,,,,,,,,,,,,,,,,,,,,,,,,,,,,,
,,,,75~79,,,,,,,,,1,454.55,,,,,,1,,454.55,,,,,,,,,,,,,,,,,,,,,,,,,,,,,,,,,,,
,,,,80~84,,,,,,,,,,,1,,,,689.66,,,,,,,,,,,,,,,,,,,,,,,,,,,,,,,,,,,,,,
,,,,,,,,,,,,,,,,,,,,,,,,,,,,,,,,,,,,,,,,,,,,,,,,,,,,,,,,,
,,,,,,,,,,,,,,,,,,,,,,,,,,,,,,,,,,,,,,,,,,,,,,,,,,,,,,,,,
,,,台灣女性每10萬人口年齡別發生率，1993年,,,,,,,,,,,,,,,,,,,,,,,,,,,,,,,,,,,,,,,,,,,,,,,,,,,,,,
,,,,,,,,,,,,,,,,,,,,,,,,,,,,,,,,,,,,,,,,,,,,,,,,,,,,,,,,,
,,,,,,,,,,,,,,,,,,,,,,,,,,,,,,,,,,,,,,,,,,,,,,,,,,,,,,,,,
,,,,診斷年齡,女性乳房,,子宮頸,,子宮體,,甲狀腺,,肝及肝內膽管,,直腸與肛門,,,,,肺、支氣管及氣管,,,腎盂及其他泌尿系統,,,膀胱,,,鼻咽,,,,,,,,,,,,,,,,,,,,,,,,,,,,
,,,,,個案數,發生率,個案數,發生率,個案數,發生率,個案數,發生率,個案數,發生率,個案數,,,,發生率,個案數,,發生率,個案數,,發生率,個案數,,發生率,個案數,,發生率,,,,,,,,,,,,,,,,,,,,,,,,,,
,,,,0~4,,,1,87.49,,,,,,,,,,,,,,,,,,,,,,,,,,,,,,,,,,,,,,,,,,,,,,,,,
,,,,30~34,1,90.17,,,,,,,,,,,,,,,,,,,,,,,,,,,,,,,,,,,,,,,,,,,,,,,,,,,
,,,,35~39,,,1,116.14,,,,,,,,,,,,,,,,,,,,,,,,,,,,,,,,,,,,,,,,,,,,,,,,,
,,,,45~49,,,,,,,1,185.87,1,185.87,,,,,,,,,,,,,,,1,,185.87,,,,,,,,,,,,,,,,,,,,,,,,,,
,,,,50~54,,,1,151.29,,,,,,,,,,,,,,,,,,,,,,,,,,,,,,,,,,,,,,,,,,,,,,,,,
,,,,55~59,1,152.67,,,1,152.67,,,,,,,,,,,,,,,,,,,,,,,,,,,,,,,,,,,,,,,,,,,,,,,
,,,,60~64,,,,,,,,,,,,,,,,1,,154.80,1,,154.80,,,,,,,,,,,,,,,,,,,,,,,,,,,,,,,,
,,,,65~69,,,1,210.97,,,,,,,1,,,,210.97,,,,,,,,,,,,,,,,,,,,,,,,,,,,,,,,,,,,,,
,,,,70~74,,,1,296.74,,,,,,,1,,,,296.74,1,,296.74,,,,1,,296.74,,,,,,,,,,,,,,,,,,,,,,,,,,,,,
,,,,75~79,,,1,448.43,,,,,,,,,,,,,,,,,,,,,,,,,,,,,,,,,,,,,,,,,,,,,,,,,
,,,,85+,,,,,,,,,,,,,,,,1,,1265.82,,,,,,,,,,,,,,,,,,,,,,,,,,,,,,,,,,,
,,,,,,,,,,,,,,,,,,,,,,,,,,,,,,,,,,,,,,,,,,,,,,,,,,,,,,,,,
,,,,,,,,,,,,,,,,,,,,,,,,,,,,,,,,,,,,,,,,,,,,,,,,,,,,,,,,,
,,,台灣女性每10萬人口年齡別發生率，1994年,,,,,,,,,,,,,,,,,,,,,,,,,,,,,,,,,,,,,,,,,,,,,,,,,,,,,,
,,,,,,,,,,,,,,,,,,,,,,,,,,,,,,,,,,,,,,,,,,,,,,,,,,,,,,,,,
,,,,,,,,,,,,,,,,,,,,,,,,,,,,,,,,,,,,,,,,,,,,,,,,,,,,,,,,,
,,,,診斷年齡,女性乳房,,子宮頸,,甲狀腺,,肝及肝內膽管,,直腸與肛門,,肺、支氣管及氣管,,,,,淋巴結,,,喉,,,結直腸癌,,,腎,,,膀胱,,,,,,,,,,,,,,,,,,,,,,,,,
,,,,,個案數,發生率,個案數,發生率,個案數,發生率,個案數,發生率,個案數,發生率,個案數,,,,發生率,個案數,,發生率,個案數,,發生率,個案數,,發生率,個案數,,發生率,個案數,發生率,,,,,,,,,,,,,,,,,,,,,,,,
,,,,15~19,,,,,,,,,,,,,,,,,,,1,,78.19,,,,,,,,,,,,,,,,,,,,,,,,,,,,,,,,
,,,,25~29,,,,,1,76.16,,,,,,,,,,,,,,,,,,,,,,,,,,,,,,,,,,,,,,,,,,,,,,,
,,,,30~34,,,,,,,,,,,,,,,,1,,82.30,,,,,,,,,,,,,,,,,,,,,,,,,,,,,,,,,,,
,,,,45~49,1,184.16,,,,,,,,,,,,,,,,,,,,,,,,,,,,,,,,,,,,,,,,,,,,,,,,,,,
,,,,50~54,1,158.23,,,,,,,1,158.23,,,,,,,,,,,,,,,,,,,,,,,,,,,,,,,,,,,,,,,,,,,
,,,,55~59,,,,,,,1,153.85,,,,,,,,,,,,,,,,,,,,,,,,,,,,,,,,,,,,,,,,,,,,,
,,,,60~64,,,,,,,1,148.81,1,148.81,1,,,,148.81,,,,,,,,,,,,,,,,,,,,,,,,,,,,,,,,,,,,,,
,,,,65~69,,,1,190.84,,,,,,,,,,,,,,,,,,1,,190.84,,,,1,190.84,,,,,,,,,,,,,,,,,,,,,,,,
,,,,75~79,,,,,,,,,,,1,,,,409.84,,,,,,,,,,1,,409.84,,,,,,,,,,,,,,,,,,,,,,,,,,
,,,,,,,,,,,,,,,,,,,,,,,,,,,,,,,,,,,,,,,,,,,,,,,,,,,,,,,,,
,,,,,,,,,,,,,,,,,,,,,,,,,,,,,,,,,,,,,,,,,,,,,,,,,,,,,,,,,
,,,台灣女性每10萬人口年齡別發生率，1995年,,,,,,,,,,,,,,,,,,,,,,,,,,,,,,,,,,,,,,,,,,,,,,,,,,,,,,
,,,,,,,,,,,,,,,,,,,,,,,,,,,,,,,,,,,,,,,,,,,,,,,,,,,,,,,,,
,,,,,,,,,,,,,,,,,,,,,,,,,,,,,,,,,,,,,,,,,,,,,,,,,,,,,,,,,
,,,,診斷年齡,女性乳房,,子宮頸,,皮膚,,肝及肝內膽管,,直腸與肛門,,肺、支氣管及氣管,,,,,胃,,,胰,,,結直腸癌,,,膽囊及肝外膽管,,,,,,,,,,,,,,,,,,,,,,,,,,,,
,,,,,個案數,發生率,個案數,發生率,個案數,發生率,個案數,發生率,個案數,發生率,個案數,,,,發生率,個案數,,發生率,個案數,,發生率,個案數,,發生率,個案數,,發生率,,,,,,,,,,,,,,,,,,,,,,,,,,
,,,,30~34,1,83.19,,,,,,,,,,,,,,,,,,,,,,,,,,,,,,,,,,,,,,,,,,,,,,,,,,,
,,,,35~39,,,,,1,99.01,,,,,,,,,,,,,,,,,,,,,,,,,,,,,,,,,,,,,,,,,,,,,,,
,,,,40~44,,,2,251.26,,,,,,,,,,,,,,,,,,,,,,,,,,,,,,,,,,,,,,,,,,,,,,,,,
,,,,50~54,,,,,,,,,,,,,,,,,,,1,,170.36,,,,,,,,,,,,,,,,,,,,,,,,,,,,,,,,
,,,,55~59,,,1,157.48,,,1,157.48,,,,,,,,1,,157.48,,,,,,,,,,,,,,,,,,,,,,,,,,,,,,,,,,,
,,,,60~64,,,,,,,,,1,146.20,,,,,,,,,1,,146.20,1,,146.20,,,,,,,,,,,,,,,,,,,,,,,,,,,,,
,,,,65~69,,,,,1,178.25,,,,,1,,,,178.25,1,,178.25,,,,,,,,,,,,,,,,,,,,,,,,,,,,,,,,,,,
,,,,75~79,,,,,,,,,,,,,,,,,,,,,,,,,2,,760.46,,,,,,,,,,,,,,,,,,,,,,,,,,
,,,,,,,,,,,,,,,,,,,,,,,,,,,,,,,,,,,,,,,,,,,,,,,,,,,,,,,,,
,,,,,,,,,,,,,,,,,,,,,,,,,,,,,,,,,,,,,,,,,,,,,,,,,,,,,,,,,
,,,台灣女性每10萬人口年齡別發生率，1996年,,,,,,,,,,,,,,,,,,,,,,,,,,,,,,,,,,,,,,,,,,,,,,,,,,,,,,
,,,,,,,,,,,,,,,,,,,,,,,,,,,,,,,,,,,,,,,,,,,,,,,,,,,,,,,,,
,,,,,,,,,,,,,,,,,,,,,,,,,,,,,,,,,,,,,,,,,,,,,,,,,,,,,,,,,
,,,,診斷年齡,女性乳房,,子宮頸,,甲狀腺,,肝及肝內膽管,,非何杰金氏淋巴瘤,,食道,,,,,胰,,,眼及淚腺,,,結直腸癌,,,腦,,,膀胱,,,,,,,,,,,,,,,,,,,,,,,,,
,,,,,個案數,發生率,個案數,發生率,個案數,發生率,個案數,發生率,個案數,發生率,個案數,,,,發生率,個案數,,發生率,個案數,,發生率,個案數,,發生率,個案數,,發生率,個案數,發生率,,,,,,,,,,,,,,,,,,,,,,,,
,,,,5~9,,,,,,,,,,,,,,,,,,,,,,,,,1,,91.91,,,,,,,,,,,,,,,,,,,,,,,,,,
,,,,30~34,,,1,80.26,,,,,,,,,,,,,,,,,,,,,,,,,,,,,,,,,,,,,,,,,,,,,,,,,
,,,,35~39,,,,,,,,,,,,,,,,,,,,,,1,,94.70,,,,,,,,,,,,,,,,,,,,,,,,,,,,,
,,,,45~49,2,299.40,,,,,,,,,,,,,,1,,149.70,1,,149.70,,,,,,,,,,,,,,,,,,,,,,,,,,,,,,,,
,,,,50~54,,,,,,,,,,,1,,,,183.82,,,,,,,,,,,,,,,,,,,,,,,,,,,,,,,,,,,,,,
,,,,55~59,,,2,304.41,,,,,,,,,,,,,,,,,,,,,,,,,,,,,,,,,,,,,,,,,,,,,,,,,
,,,,65~69,,,,,,,2,321.54,,,,,,,,,,,,,,,,,1,,160.77,,,,,,,,,,,,,,,,,,,,,,,,,,
,,,,70~74,,,,,,,2,583.09,1,291.55,,,,,,,,,,,,,,,,,,,,,,,,,,,,,,,,,,,,,,,,,,,
,,,,75~79,,,,,2,694.44,,,,,,,,,,,,,,,,,,,,,,1,347.22,,,,,,,,,,,,,,,,,,,,,,,,
,,,,,,,,,,,,,,,,,,,,,,,,,,,,,,,,,,,,,,,,,,,,,,,,,,,,,,,,,
,,,,,,,,,,,,,,,,,,,,,,,,,,,,,,,,,,,,,,,,,,,,,,,,,,,,,,,,,
,,,台灣女性每10萬人口年齡別發生率，1997年,,,,,,,,,,,,,,,,,,,,,,,,,,,,,,,,,,,,,,,,,,,,,,,,,,,,,,
,,,,,,,,,,,,,,,,,,,,,,,,,,,,,,,,,,,,,,,,,,,,,,,,,,,,,,,,,
,,,,,,,,,,,,,,,,,,,,,,,,,,,,,,,,,,,,,,,,,,,,,,,,,,,,,,,,,
,,,,診斷年齡,女性乳房,,子宮頸,,子宮體,,白血病,,皮膚,,肝及肝內膽管,,,,,其它淋巴瘤,,,直腸與肛門,,,肺、支氣管及氣管,,,胃,,,結直腸癌,,鼻咽,,,,,,,,,,,,,,,,,,,,,,,
,,,,,個案數,發生率,個案數,發生率,個案數,發生率,個案數,發生率,個案數,發生率,個案數,,,,發生率,個案數,,發生率,個案數,,發生率,個案數,,發生率,個案數,,發生率,個案數,發生率,個案數,發生率,,,,,,,,,,,,,,,,,,,,,,
,,,,30~34,,,,,,,,,,,,,,,,,,,,,,1,,82.03,,,,,,,,,,,,,,,,,,,,,,,,,,,,,
,,,,35~39,,,,,,,,,,,,,,,,,,,1,,88.89,,,,,,,,,1,88.89,,,,,,,,,,,,,,,,,,,,,,
,,,,45~49,2,280.50,,,,,,,,,,,,,,1,,140.25,,,,1,,140.25,,,,,,,,,,,,,,,,,,,,,,,,,,,,,
,,,,50~54,,,,,,,,,1,188.68,,,,,,,,,,,,1,,188.68,1,,188.68,,,,,,,,,,,,,,,,,,,,,,,,,,
,,,,55~59,,,1,150.38,,,,,,,,,,,,,,,,,,,,,,,,,,,,,,,,,,,,,,,,,,,,,,,,,
,,,,60~64,,,,,,,1,147.49,,,2,,,,294.99,,,,,,,1,,147.49,,,,1,147.49,,,,,,,,,,,,,,,,,,,,,,,,
,,,,65~69,,,1,161.55,1,161.55,,,1,161.55,,,,,,,,,1,,161.55,,,,,,,1,161.55,,,,,,,,,,,,,,,,,,,,,,,,
,,,,70~74,,,,,,,,,,,2,,,,531.91,,,,,,,1,,265.96,1,,265.96,,,,,,,,,,,,,,,,,,,,,,,,,,
,,,,,,,,,,,,,,,,,,,,,,,,,,,,,,,,,,,,,,,,,,,,,,,,,,,,,,,,,
,,,,,,,,,,,,,,,,,,,,,,,,,,,,,,,,,,,,,,,,,,,,,,,,,,,,,,,,,
,,,台灣女性每10萬人口年齡別發生率，1998年,,,,,,,,,,,,,,,,,,,,,,,,,,,,,,,,,,,,,,,,,,,,,,,,,,,,,,
,,,,,,,,,,,,,,,,,,,,,,,,,,,,,,,,,,,,,,,,,,,,,,,,,,,,,,,,,
,,,,,,,,,,,,,,,,,,,,,,,,,,,,,,,,,,,,,,,,,,,,,,,,,,,,,,,,,
,,,,診斷年齡,女性乳房,,子宮頸,,不明原發部位,,甲狀腺,,皮膚,,卵巢、輸卵管及寬韌帶,,,,,肝及肝內膽管,,,直腸與肛門,,,肺、支氣管及氣管,,,胃,,,造血系統及網狀內皮系統,,結直腸癌,,腎盂及其他泌尿系統,,膀胱,,膽囊及肝外膽管,,,,,,,,,,,,,,,,,
,,,,,個案數,發生率,個案數,發生率,個案數,發生率,個案數,發生率,個案數,發生率,個案數,,,,發生率,個案數,,發生率,個案數,,發生率,個案數,,發生率,個案數,,發生率,個案數,發生率,個案數,發生率,個案數,發生率,個案數,發生率,個案數,發生率,,,,,,,,,,,,,,,,
,,,,5~9,,,,,,,,,,,,,,,,,,,,,,,,,,,,1,89.21,,,,,,,,,,,,,,,,,,,,,,,,
,,,,15~19,,,,,,,,,,,1,,,,75.30,,,,,,,,,,,,,,,,,,,,,,,,,,,,,,,,,,,,,,
,,,,30~34,,,,,,,1,79.05,,,1,,,,79.05,,,,,,,,,,,,,,,,,,,,,,,,,,,,,,,,,,,,,,
,,,,35~39,1,85.76,1,85.76,,,,,,,,,,,,,,,,,,1,,85.76,,,,,,,,,,,,,,,,,,,,,,,,,,,,,
,,,,40~44,,,,,,,,,,,,,,,,,,,,,,,,,1,,107.30,,,,,,,,,,,,,,,,,,,,,,,,,,
,,,,45~49,,,,,1,135.32,,,,,,,,,,,,,,,,,,,,,,,,,,,,,,1,135.32,,,,,,,,,,,,,,,,
,,,,50~54,,,1,180.83,,,,,,,,,,,,1,,180.83,,,,,,,,,,,,,,,,,,,,,,,,,,,,,,,,,,,
,,,,55~59,,,2,296.74,,,,,,,1,,,,148.37,1,,148.37,,,,,,,1,,148.37,,,,,1,148.37,1,148.37,,,,,,,,,,,,,,,,,,
,,,,60~64,1,154.32,,,,,,,,,,,,,,,,,,,,2,,308.64,1,,154.32,1,154.32,,,,,1,154.32,,,,,,,,,,,,,,,,,,
,,,,65~69,,,1,158.23,,,,,,,,,,,,2,,316.46,1,,158.23,,,,1,,158.23,,,,,,,,,,,,,,,,,,,,,,,,,,
,,,,70~74,,,1,233.10,2,466.20,,,1,233.10,,,,,,,,,,,,,,,,,,,,,,,,,,,,,,,,,,,,,,,,,,,
,,,,75~79,,,,,,,,,,,,,,,,,,,1,,346.02,,,,,,,,,1,346.02,,,,,,,,,,,,,,,,,,,,,,
,,,,85+,,,,,,,,,,,,,,,,,,,1,,826.45,,,,,,,,,,,,,,,,,,,,,,,,,,,,,,,,
,,,,,,,,,,,,,,,,,,,,,,,,,,,,,,,,,,,,,,,,,,,,,,,,,,,,,,,,,
,,,,,,,,,,,,,,,,,,,,,,,,,,,,,,,,,,,,,,,,,,,,,,,,,,,,,,,,,
,,,台灣女性每10萬人口年齡別發生率，1999年,,,,,,,,,,,,,,,,,,,,,,,,,,,,,,,,,,,,,,,,,,,,,,,,,,,,,,
,,,,,,,,,,,,,,,,,,,,,,,,,,,,,,,,,,,,,,,,,,,,,,,,,,,,,,,,,
,,,,,,,,,,,,,,,,,,,,,,,,,,,,,,,,,,,,,,,,,,,,,,,,,,,,,,,,,
,,,,診斷年齡,女性乳房,,子宮頸,,子宮體,,小腸,,不明原發部位,,甲狀腺,,,,,皮膚,,,卵巢、輸卵管及寬韌帶,,,肝及肝內膽管,,,其它淋巴瘤,,,直腸與肛門,,肺、支氣管及氣管,,非何杰金氏淋巴瘤,,胃,,胰,,骨、關節及關節軟骨,,結直腸癌,,結締組織、皮下組織及其他軟組織,,膀胱,,,,,,,,,
,,,,,個案數,發生率,個案數,發生率,個案數,發生率,個案數,發生率,個案數,發生率,個案數,,,,發生率,個案數,,發生率,個案數,,發生率,個案數,,發生率,個案數,,發生率,個案數,發生率,個案數,發生率,個案數,發生率,個案數,發生率,個案數,發生率,個案數,發生率,個案數,發生率,個案數,發生率,個案數,發生率,,,,,,,,
,,,,15~19,,,,,,,,,,,1,,,,77.70,,,,,,,,,,,,,,,,,,,,,,,,,,,,,,,,,,,,,,
,,,,30~34,,,,,,,,,,,,,,,,,,,,,,,,,,,,,,,,,,,,,,1,79.43,,,1,79.43,,,,,,,,,,
,,,,35~39,1,82.44,,,,,,,,,,,,,,,,,,,,,,,,,,1,82.44,,,1,82.44,,,,,,,,,1,82.44,,,,,,,,,,
,,,,40~44,2,199.20,,,,,,,,,,,,,,,,,,,,,,,,,,,,,,,,,,,,,,,,,,,,,,,,,,,
,,,,45~49,,,1,126.90,,,1,126.90,1,126.90,,,,,,1,,126.90,,,,,,,,,,,,1,126.90,,,,,,,,,,,,,,,,,,,,,,
,,,,50~54,1,174.52,1,174.52,1,174.52,,,,,,,,,,,,,,,,2,,349.04,,,,,,,,,,,,,,,,,,,,,,,,,,,,,
,,,,55~59,,,1,155.04,,,,,,,,,,,,,,,,,,1,,155.04,,,,,,,,,,1,155.04,,,,,2,310.08,,,,,,,,,,,,
,,,,60~64,2,307.69,1,153.85,,,,,,,,,,,,,,,1,,153.85,2,,307.69,1,,153.85,1,153.85,,,,,,,,,,,2,307.69,,,,,,,,,,,,
,,,,65~69,,,1,155.28,1,155.28,,,,,,,,,,,,,,,,3,,465.84,,,,,,,,,,,,1,155.28,,,,,,,,,,,,,,,,
,,,,70~74,,,,,,,,,,,,,,,,,,,,,,1,,207.90,,,,,,2,415.80,,,,,,,,,1,207.90,,,,,,,,,,,,
,,,,75~79,,,,,,,,,,,,,,,,,,,,,,,,,,,,,,1,357.14,,,,,,,,,1,357.14,,,,,,,,,,,,
,,,,80~84,,,,,,,,,,,,,,,,,,,,,,1,,564.97,,,,,,,,,,,,,,,,,,,,1,564.97,,,,,,,,
,,,,85+,,,,,,,,,,,,,,,,,,,,,,1,,877.19,,,,,,,,,,,,,,,,1,877.19,,,,,,,,,,,,
,,,,,,,,,,,,,,,,,,,,,,,,,,,,,,,,,,,,,,,,,,,,,,,,,,,,,,,,,
,,,,,,,,,,,,,,,,,,,,,,,,,,,,,,,,,,,,,,,,,,,,,,,,,,,,,,,,,
,,,台灣女性每10萬人口年齡別發生率，2000年,,,,,,,,,,,,,,,,,,,,,,,,,,,,,,,,,,,,,,,,,,,,,,,,,,,,,,
,,,,,,,,,,,,,,,,,,,,,,,,,,,,,,,,,,,,,,,,,,,,,,,,,,,,,,,,,
,,,,,,,,,,,,,,,,,,,,,,,,,,,,,,,,,,,,,,,,,,,,,,,,,,,,,,,,,
,,,,診斷年齡,口腔癌,,女性乳房,,子宮頸,,子宮體,,不明原發部位,,甲狀腺,,,,,白血病,,,卵巢、輸卵管及寬韌帶,,,肝及肝內膽管,,,其他神經系統,,,直腸與肛門,,肺、支氣管及氣管,,胃,,骨、關節及關節軟骨,,結直腸癌,,腦,,膽囊及肝外膽管,,,,,,,,,,,,,
,,,,,個案數,發生率,個案數,發生率,個案數,發生率,個案數,發生率,個案數,發生率,個案數,,,,發生率,個案數,,發生率,個案數,,發生率,個案數,,發生率,個案數,,發生率,個案數,發生率,個案數,發生率,個案數,發生率,個案數,發生率,個案數,發生率,個案數,發生率,個案數,發生率,,,,,,,,,,,,
,,,,10~14,1,89.45,,,,,,,,,,,,,,,,,,,,,,,,,,,,,,,,,,,,,,,,,,,,,,,,,,,
,,,,15~19,,,,,,,,,,,,,,,,1,,80.78,,,,,,,,,,,,,,,,,,,,,,,,,,,,,,,,,,,
,,,,30~34,,,,,,,,,,,,,,,,,,,1,,76.34,,,,,,,,,,,,,,,,,,,,,,,,,,,,,,,,
,,,,35~39,,,1,82.44,,,,,,,,,,,,,,,,,,,,,,,,,,,,1,82.44,,,,,1,82.44,,,,,,,,,,,,,,
,,,,40~44,,,,,1,94.97,,,,,,,,,,,,,,,,,,,1,,94.97,,,,,,,,,,,,,,,,,,,,,,,,,,
,,,,45~49,,,,,1,120.05,,,,,,,,,,,,,,,,,,,,,,,,,,,,1,120.05,,,,,,,,,,,,,,,,,,
,,,,50~54,,,2,316.46,,,1,158.23,1,158.23,,,,,,,,,,,,,,,,,,,,,,,,,,,,,,,,,,,,,,,,,,,
,,,,55~59,,,,,,,,,,,,,,,,,,,,,,3,,503.36,,,,,,1,167.79,1,167.79,,,,,,,,,,,,,,,,,,,,
,,,,60~64,,,1,158.23,,,,,,,,,,,,,,,,,,,,,,,,1,158.23,2,316.46,,,,,,,,,,,,,,,,,,,,,,
,,,,65~69,,,,,,,,,1,153.14,,,,,,,,,,,,,,,,,,1,153.14,2,306.28,1,153.14,,,1,153.14,,,,,,,,,,,,,,,,
,,,,70~74,,,,,,,,,,,,,,,,,,,,,,1,,193.05,,,,,,1,193.05,,,,,,,,,,,,,,,,,,,,,,
,,,,75~79,,,,,,,,,1,346.02,1,,,,346.02,,,,,,,,,,,,,,,1,346.02,1,346.02,,,1,346.02,,,,,,,,,,,,,,,,
,,,,85+,,,,,,,,,1,892.86,,,,,,,,,,,,1,,892.86,,,,,,1,892.86,,,,,,,,,1,892.86,,,,,,,,,,,,
,,,,,,,,,,,,,,,,,,,,,,,,,,,,,,,,,,,,,,,,,,,,,,,,,,,,,,,,,
,,,,,,,,,,,,,,,,,,,,,,,,,,,,,,,,,,,,,,,,,,,,,,,,,,,,,,,,,
,,,台灣女性每10萬人口年齡別發生率，2001年,,,,,,,,,,,,,,,,,,,,,,,,,,,,,,,,,,,,,,,,,,,,,,,,,,,,,,
,,,,,,,,,,,,,,,,,,,,,,,,,,,,,,,,,,,,,,,,,,,,,,,,,,,,,,,,,
,,,,,,,,,,,,,,,,,,,,,,,,,,,,,,,,,,,,,,,,,,,,,,,,,,,,,,,,,
,,,,診斷年齡,女性乳房,,子宮頸,,不明原發部位,,白血病,,皮膚,,肝及肝內膽管,,,,,直腸與肛門,,,肺、支氣管及氣管,,,胃,,,胰,,,造血系統及網狀內皮系統,,結直腸癌,,腎盂及其他泌尿系統,,膀胱,,膽囊及肝外膽管,,,,,,,,,,,,,,,,,
,,,,,個案數,發生率,個案數,發生率,個案數,發生率,個案數,發生率,個案數,發生率,個案數,,,,發生率,個案數,,發生率,個案數,,發生率,個案數,,發生率,個案數,,發生率,個案數,發生率,個案數,發生率,個案數,發生率,個案數,發生率,個案數,發生率,,,,,,,,,,,,,,,,
,,,,20~24,,,,,,,,,,,,,,,,,,,,,,,,,,,,,,,,,,1,72.62,,,,,,,,,,,,,,,,,,
,,,,30~34,,,,,,,,,,,,,,,,,,,2,,152.21,,,,1,,76.10,,,,,,,,,,,,,,,,,,,,,,,,,,
,,,,35~39,1,79.87,,,,,,,,,,,,,,,,,,,,,,,,,,,,,,,,,,,,,,,,,,,,,,,,,,,
,,,,40~44,1,91.16,1,91.16,,,,,,,,,,,,,,,,,,1,,91.16,,,,,,,,,,,,,,,,,,,,,,,,,,,,,
,,,,45~49,,,,,,,,,,,,,,,,,,,1,,116.28,,,,,,,,,,,,,,,,,,,,,,,,,,,,,,,,
,,,,50~54,,,,,,,,,,,,,,,,,,,1,,143.06,,,,,,,,,,,,,,,,,,,,,,,,,,,,,,,,
,,,,55~59,,,1,178.89,,,,,,,,,,,,,,,,,,1,,178.89,,,,,,,,,,,,,,,,,,,,,,,,,,,,,
,,,,60~64,1,153.85,,,,,,,1,153.85,1,,,,153.85,,,,1,,153.85,,,,,,,,,,,,,,,,,,,,,,,,,,,,,,,,
,,,,65~69,,,,,,,,,3,470.96,1,,,,156.99,,,,1,,156.99,,,,,,,1,156.99,1,156.99,,,,,,,,,,,,,,,,,,,,,,
,,,,70~74,1,174.52,1,174.52,,,,,,,,,,,,1,,174.52,2,,349.04,,,,,,,,,,,,,,,1,174.52,,,,,,,,,,,,,,,,
,,,,75~79,,,,,,,,,,,2,,,,701.75,,,,,,,,,,,,,,,,,1,350.88,2,701.75,,,,,,,,,,,,,,,,,,
,,,,80~84,,,1,476.19,1,476.19,1,476.19,,,,,,,,,,,,,,,,,,,,,,,,,,,,,,,,,,,,,,,,,,,,,
,,,,85+,,,,,,,,,,,,,,,,,,,,,,,,,,,,,,1,892.86,,,,,,,,,,,,,,,,,,,,,,
,,,,,,,,,,,,,,,,,,,,,,,,,,,,,,,,,,,,,,,,,,,,,,,,,,,,,,,,,
,,,,,,,,,,,,,,,,,,,,,,,,,,,,,,,,,,,,,,,,,,,,,,,,,,,,,,,,,
,,,台灣女性每10萬人口年齡別發生率，2002年,,,,,,,,,,,,,,,,,,,,,,,,,,,,,,,,,,,,,,,,,,,,,,,,,,,,,,
,,,,,,,,,,,,,,,,,,,,,,,,,,,,,,,,,,,,,,,,,,,,,,,,,,,,,,,,,
,,,,,,,,,,,,,,,,,,,,,,,,,,,,,,,,,,,,,,,,,,,,,,,,,,,,,,,,,
,,,,診斷年齡,口腔癌,,女性乳房,,子宮頸,,子宮體,,不明原發部位,,主唾液腺,,,,,甲狀腺,,,白血病,,,皮膚,,,卵巢、輸卵管及寬韌帶,,,肝及肝內膽管,,直腸與肛門,,肺、支氣管及氣管,,胰,,結直腸癌,,,,,,,,,,,,,,,,,
,,,,,個案數,發生率,個案數,發生率,個案數,發生率,個案數,發生率,個案數,發生率,個案數,,,,發生率,個案數,,發生率,個案數,,發生率,個案數,,發生率,個案數,,發生率,個案數,發生率,個案數,發生率,個案數,發生率,個案數,發生率,個案數,發生率,,,,,,,,,,,,,,,,
,,,,30~34,,,1,72.78,,,,,,,,,,,,,,,,,,,,,,,,,,,,,,,,,,,,,,,,,,,,,,,,,
,,,,35~39,,,1,78.80,,,,,,,1,,,,78.80,,,,,,,,,,1,,78.80,,,,,,,,,,,,,,,,,,,,,,,,,,
,,,,40~44,,,,,1,87.95,1,87.95,,,,,,,,1,,87.95,,,,,,,,,,1,87.95,,,,,,,,,,,,,,,,,,,,,,,,
,,,,45~49,,,,,,,,,,,,,,,,,,,,,,,,,,,,1,113.64,,,,,,,,,,,,,,,,,,,,,,,,
,,,,50~54,,,1,135.69,,,,,,,,,,,,,,,,,,,,,,,,,,,,,,,,,,,,,,,,,,,,,,,,,
,,,,55~59,,,1,179.53,,,,,,,,,,,,,,,,,,,,,,,,1,179.53,,,,,,,,,,,,,,,,,,,,,,,,
,,,,60~64,,,,,,,,,,,,,,,,,,,1,,151.75,,,,,,,2,303.49,,,1,151.75,,,1,151.75,,,,,,,,,,,,,,,,
,,,,65~69,,,,,,,,,,,,,,,,,,,,,,,,,,,,1,153.61,1,153.61,1,153.61,,,,,,,,,,,,,,,,,,,,
,,,,70~74,1,178.25,,,,,,,,,,,,,,,,,,,,,,,1,,178.25,1,178.25,,,,,,,1,178.25,,,,,,,,,,,,,,,,
,,,,75~79,,,1,317.46,1,317.46,,,,,,,,,,,,,,,,1,,317.46,,,,1,317.46,1,317.46,1,317.46,,,1,317.46,,,,,,,,,,,,,,,,
,,,,80~84,,,,,2,952.38,,,,,,,,,,,,,,,,,,,,,,,,,,,,,,,,,,,,,,,,,,,,,,,
,,,,85+,,,,,,,,,1,763.36,,,,,,,,,,,,,,,,,,,,1,763.36,,,1,763.36,,,,,,,,,,,,,,,,,,
,,,,,,,,,,,,,,,,,,,,,,,,,,,,,,,,,,,,,,,,,,,,,,,,,,,,,,,,,
,,,,,,,,,,,,,,,,,,,,,,,,,,,,,,,,,,,,,,,,,,,,,,,,,,,,,,,,,
,,,台灣女性每10萬人口年齡別發生率，2003年,,,,,,,,,,,,,,,,,,,,,,,,,,,,,,,,,,,,,,,,,,,,,,,,,,,,,,
,,,,,,,,,,,,,,,,,,,,,,,,,,,,,,,,,,,,,,,,,,,,,,,,,,,,,,,,,
,,,,,,,,,,,,,,,,,,,,,,,,,,,,,,,,,,,,,,,,,,,,,,,,,,,,,,,,,
,,,,診斷年齡,女性乳房,,子宮頸,,子宮體,,甲狀腺,,白血病,,肝及肝內膽管,,,,,其它淋巴瘤,,,直腸與肛門,,,肺、支氣管及氣管,,,非何杰金氏淋巴瘤,,,胃,,食道,,結直腸癌,,,,,,,,,,,,,,,,,,,,,
,,,,,個案數,發生率,個案數,發生率,個案數,發生率,個案數,發生率,個案數,發生率,個案數,,,,發生率,個案數,,發生率,個案數,,發生率,個案數,,發生率,個案數,,發生率,個案數,發生率,個案數,發生率,個案數,發生率,,,,,,,,,,,,,,,,,,,,
,,,,30~34,,,1,72.36,,,,,,,,,,,,,,,,,,,,,,,,,,,,1,72.36,,,,,,,,,,,,,,,,,,,,
,,,,35~39,1,76.10,,,,,,,1,76.10,,,,,,,,,,,,1,,76.10,,,,,,,,,,,,,,,,,,,,,,,,,,,,,
,,,,40~44,1,84.89,,,2,169.78,1,84.89,,,,,,,,,,,1,,84.89,,,,,,,,,,,,,,,,,,,,,,,,,,,,,,,,
,,,,45~49,1,105.15,,,,,,,,,1,,,,105.15,,,,,,,,,,,,,,,,,,,,,,,,,,,,,,,,,,,,,,
,,,,50~54,2,264.55,,,,,,,,,1,,,,132.28,,,,,,,,,,,,,,,,,,,,,,,,,,,,,,,,,,,,,,
,,,,55~59,1,174.83,,,,,1,174.83,,,,,,,,,,,,,,,,,,,,,,,,,,,,,,,,,,,,,,,,,,,,,
,,,,65~69,,,,,,,,,,,,,,,,,,,,,,1,,160.77,,,,1,160.77,1,160.77,1,160.77,,,,,,,,,,,,,,,,,,,,
,,,,70~74,,,,,,,,,,,1,,,,172.12,1,,172.12,,,,1,,172.12,1,,172.12,,,,,2,344.23,,,,,,,,,,,,,,,,,,,,
,,,,75~79,,,,,,,,,,,1,,,,284.90,,,,,,,,,,,,,,,,,1,284.90,,,,,,,,,,,,,,,,,,,,
,,,,80~84,,,,,,,,,,,,,,,,,,,,,,3,,1421.80,,,,,,,,,,,,,,,,,,,,,,,,,,,,,
,,,,85+,,,,,,,,,,,,,,,,,,,,,,1,,746.27,,,,,,,,1,746.27,,,,,,,,,,,,,,,,,,,,
,,,,,,,,,,,,,,,,,,,,,,,,,,,,,,,,,,,,,,,,,,,,,,,,,,,,,,,,,
,,,,,,,,,,,,,,,,,,,,,,,,,,,,,,,,,,,,,,,,,,,,,,,,,,,,,,,,,
,,,台灣女性每10萬人口年齡別發生率，2004年,,,,,,,,,,,,,,,,,,,,,,,,,,,,,,,,,,,,,,,,,,,,,,,,,,,,,,
,,,,,,,,,,,,,,,,,,,,,,,,,,,,,,,,,,,,,,,,,,,,,,,,,,,,,,,,,
,,,,,,,,,,,,,,,,,,,,,,,,,,,,,,,,,,,,,,,,,,,,,,,,,,,,,,,,,
,,,,診斷年齡,女性乳房,,子宮頸,,子宮體,,小腸,,不明原發部位,,甲狀腺,,,,,白血病,,,卵巢、輸卵管及寬韌帶,,,肝及肝內膽管,,,直腸與肛門,,,肺、支氣管及氣管,,非何杰金氏淋巴瘤,,胃,,胰,,喉,,結直腸癌,,膀胱,,鼻咽,,膽囊及肝外膽管,,,,,,,,,
,,,,,個案數,發生率,個案數,發生率,個案數,發生率,個案數,發生率,個案數,發生率,個案數,,,,發生率,個案數,,發生率,個案數,,發生率,個案數,,發生率,個案數,,發生率,個案數,發生率,個案數,發生率,個案數,發生率,個案數,發生率,個案數,發生率,個案數,發生率,個案數,發生率,個案數,發生率,個案數,發生率,,,,,,,,
,,,,20~24,,,,,,,,,,,,,,,,,,,,,,,,,,,,,,1,73.75,,,,,,,,,,,,,,,,,,,,,,
,,,,25~29,,,,,,,,,,,,,,,,,,,,,,1,,69.44,,,,,,,,,,,,,,,,,,,,,,,,,,,,,
,,,,30~34,,,2,145.35,,,,,,,,,,,,,,,,,,,,,,,,,,,,1,72.67,,,,,,,,,,,,,,,,,,,,
,,,,35~39,1,76.75,,,,,,,,,,,,,,,,,,,,,,,,,,,,,,,,,,,,,,,,,,,,,,,,,,,
,,,,40~44,2,161.55,,,,,,,,,,,,,,,,,,,,,,,1,,80.78,1,80.78,,,,,,,,,,,,,,,,,,,,,,,,
,,,,45~49,1,102.04,,,1,102.04,,,,,,,,,,,,,,,,,,,,,,,,1,102.04,,,,,,,,,,,,,,,,,,,,,,
,,,,50~54,,,,,,,,,,,,,,,,,,,,,,1,,123.61,,,,,,1,123.61,,,,,,,1,123.61,,,,,,,,,,,,,,
,,,,55~59,,,,,,,,,,,1,,,,172.71,1,,172.71,,,,1,,172.71,,,,,,,,,,,,,,,,,,1,172.71,,,,,,,,,,
,,,,60~64,1,154.80,,,,,,,,,,,,,,,,,,,,1,,154.80,,,,,,,,,,,,,,,,,,,,1,154.80,,,,,,,,
,,,,65~69,1,159.24,1,159.24,,,,,1,159.24,,,,,,,,,1,,159.24,,,,,,,1,159.24,,,1,159.24,1,159.24,1,159.24,,,,,,,,,,,,,,,,
,,,,70~74,,,,,,,,,,,,,,,,,,,,,,2,,334.45,,,,,,,,1,167.22,,,,,,,,,,,,,,,,,,,,
,,,,75~79,,,,,,,1,246.31,,,,,,,,,,,,,,1,,246.31,1,,246.31,2,492.61,,,,,,,,,,,,,,,1,246.31,,,,,,,,
,,,,80~84,,,,,,,,,,,,,,,,,,,,,,1,,495.05,,,,,,,,1,495.05,,,,,1,495.05,,,,,,,,,,,,,,
,,,,85+,,,,,,,,,,,,,,,,,,,,,,,,,,,,,,,,,,,,,,,,1,735.29,,,,,,,,,,,,
,,,,,,,,,,,,,,,,,,,,,,,,,,,,,,,,,,,,,,,,,,,,,,,,,,,,,,,,,
,,,,,,,,,,,,,,,,,,,,,,,,,,,,,,,,,,,,,,,,,,,,,,,,,,,,,,,,,
,,,台灣女性每10萬人口年齡別發生率，2005年,,,,,,,,,,,,,,,,,,,,,,,,,,,,,,,,,,,,,,,,,,,,,,,,,,,,,,
,,,,,,,,,,,,,,,,,,,,,,,,,,,,,,,,,,,,,,,,,,,,,,,,,,,,,,,,,
,,,,,,,,,,,,,,,,,,,,,,,,,,,,,,,,,,,,,,,,,,,,,,,,,,,,,,,,,
,,,,診斷年齡,女性乳房,,子宮體,,甲狀腺,,白血病,,皮膚,,卵巢、輸卵管及寬韌帶,,,,,肝及肝內膽管,,,其他神經系統,,,直腸與肛門,,,肺、支氣管及氣管,,,非何杰金氏淋巴瘤,,胃,,胰,,結直腸癌,,結締組織、皮下組織及其他軟組織,,膀胱,,膽囊及肝外膽管,,,,,,,,,,,,,
,,,,,個案數,發生率,個案數,發生率,個案數,發生率,個案數,發生率,個案數,發生率,個案數,,,,發生率,個案數,,發生率,個案數,,發生率,個案數,,發生率,個案數,,發生率,個案數,發生率,個案數,發生率,個案數,發生率,個案數,發生率,個案數,發生率,個案數,發生率,個案數,發生率,,,,,,,,,,,,
,,,,20~24,,,,,1,74.68,,,,,,,,,,,,,,,,,,,,,,,,,,,,,,,,,,,,,,,,,,,,,,,
,,,,30~34,,,,,,,,,1,72.05,,,,,,1,,72.05,,,,,,,,,,,,,,,,,,,,,,,,,,,,,,,,,,,
,,,,35~39,1,72.99,,,1,72.99,,,,,,,,,,,,,,,,,,,,,,,,,,,,,,,,,,,,,,,,,,,,,,,
,,,,40~44,2,160.51,,,,,,,,,,,,,,,,,,,,,,,,,,,,,,1,80.26,,,,,,,,,,,,,,,,,,,,
,,,,45~49,1,93.98,,,,,,,,,,,,,,,,,,,,,,,,,,1,93.98,,,,,,,,,,,,,,,,,,,,,,,,
,,,,50~54,,,,,,,,,,,1,,,,116.14,,,,1,,116.14,,,,,,,,,,,,,,,1,116.14,,,,,,,,,,,,,,,,
,,,,55~59,1,153.37,,,,,,,,,,,,,,1,,153.37,2,,306.75,,,,1,,153.37,,,,,,,,,,,,,1,153.37,,,,,,,,,,,,
,,,,60~64,1,166.94,1,166.94,,,,,,,,,,,,,,,,,,3,,500.83,,,,,,,,,,1,166.94,,,,,,,,,,,,,,,,,,
,,,,65~69,1,163.13,,,,,,,,,1,,,,163.13,1,,163.13,,,,,,,,,,,,1,163.13,1,163.13,3,489.40,,,1,163.13,,,,,,,,,,,,,,
,,,,70~74,,,,,,,,,,,,,,,,3,,491.80,,,,,,,2,,327.87,,,,,,,2,327.87,,,,,,,,,,,,,,,,,,
,,,,75~79,,,,,,,,,1,223.21,,,,,,1,,223.21,,,,1,,223.21,1,,223.21,1,223.21,,,1,223.21,1,223.21,,,1,223.21,,,,,,,,,,,,,,
,,,,80~84,,,,,,,,,,,,,,,,,,,,,,,,,,,,,,1,480.77,,,,,,,,,,,,,,,,,,,,,,
,,,,85+,,,,,,,1,684.93,,,,,,,,,,,,,,1,,684.93,1,,684.93,,,,,,,,,,,,,,,,,,,,,,,,,,
,,,,,,,,,,,,,,,,,,,,,,,,,,,,,,,,,,,,,,,,,,,,,,,,,,,,,,,,,
,,,,,,,,,,,,,,,,,,,,,,,,,,,,,,,,,,,,,,,,,,,,,,,,,,,,,,,,,
,,,台灣女性每10萬人口年齡別發生率，2006年,,,,,,,,,,,,,,,,,,,,,,,,,,,,,,,,,,,,,,,,,,,,,,,,,,,,,,
,,,,,,,,,,,,,,,,,,,,,,,,,,,,,,,,,,,,,,,,,,,,,,,,,,,,,,,,,
,,,,,,,,,,,,,,,,,,,,,,,,,,,,,,,,,,,,,,,,,,,,,,,,,,,,,,,,,
,,,,診斷年齡,口腔癌,,女性乳房,,子宮頸,,子宮體,,不明原發部位,,甲狀腺,,,,,白血病,,,皮膚,,,卵巢、輸卵管及寬韌帶,,,肝及肝內膽管,,,直腸與肛門,,肺、支氣管及氣管,,非何杰金氏淋巴瘤,,胃,,喉,,結直腸癌,,腎盂及其他泌尿系統,,膀胱,,膽囊及肝外膽管,,,,,,,,,
,,,,,個案數,發生率,個案數,發生率,個案數,發生率,個案數,發生率,個案數,發生率,個案數,,,,發生率,個案數,,發生率,個案數,,發生率,個案數,,發生率,個案數,,發生率,個案數,發生率,個案數,發生率,個案數,發生率,個案數,發生率,個案數,發生率,個案數,發生率,個案數,發生率,個案數,發生率,個案數,發生率,,,,,,,,
,,,,0~4,,,,,,,,,,,,,,,,1,,105.04,,,,,,,,,,,,,,,,,,,,,,,,,,,,,,,,,,,
,,,,30~34,,,,,,,1,69.35,,,,,,,,,,,,,,,,,,,,,,,,,,,,,,,,,,,,,,,,,,,,,
,,,,40~44,,,3,231.48,1,77.16,1,77.16,,,,,,,,,,,,,,,,,,,,,,,,,,,,,,,,,,,,,,,,,,,,,
,,,,45~49,,,,,1,89.53,,,,,,,,,,,,,,,,,,,,,,,,,,,,,,,,,,,,,,,,,,,,,,,
,,,,50~54,,,1,112.23,,,,,,,,,,,,,,,,,,1,,112.23,,,,,,1,112.23,,,,,1,112.23,,,,,1,112.23,,,,,,,,,,
,,,,55~59,,,,,,,,,,,,,,,,,,,,,,,,,1,,138.89,,,1,138.89,,,,,,,,,,,,,,,,,,,,,,
,,,,60~64,,,1,176.37,,,,,,,,,,,,,,,,,,,,,1,,176.37,,,,,,,,,,,,,,,,,,,,,,,,,,
,,,,65~69,,,1,158.23,,,,,,,1,,,,158.23,,,,1,,158.23,1,,158.23,3,,474.68,1,158.23,,,,,1,158.23,,,2,316.46,,,,,,,,,,,,,,
,,,,70~74,,,,,,,,,,,,,,,,,,,1,,169.49,,,,,,,1,169.49,1,169.49,1,169.49,1,169.49,,,1,169.49,,,1,169.49,,,,,,,,,,
,,,,75~79,,,,,,,,,,,,,,,,,,,1,,203.67,,,,2,,407.33,1,203.67,1,203.67,2,407.33,,,,,,,1,203.67,,,,,,,,,,,,
,,,,80~84,,,,,,,,,1,450.45,,,,,,,,,,,,,,,1,,450.45,1,450.45,,,,,,,,,,,1,450.45,,,1,450.45,,,,,,,,
,,,,85+,1,613.50,1,613.50,,,,,,,,,,,,,,,,,,,,,,,,1,613.50,,,,,,,,,,,,,,,,,,,,,,,,
,,,,,,,,,,,,,,,,,,,,,,,,,,,,,,,,,,,,,,,,,,,,,,,,,,,,,,,,,
,,,,,,,,,,,,,,,,,,,,,,,,,,,,,,,,,,,,,,,,,,,,,,,,,,,,,,,,,
,,,台灣女性每10萬人口年齡別發生率，2007年,,,,,,,,,,,,,,,,,,,,,,,,,,,,,,,,,,,,,,,,,,,,,,,,,,,,,,
,,,,,,,,,,,,,,,,,,,,,,,,,,,,,,,,,,,,,,,,,,,,,,,,,,,,,,,,,
,,,,,,,,,,,,,,,,,,,,,,,,,,,,,,,,,,,,,,,,,,,,,,,,,,,,,,,,,
,,,,診斷年齡,女性乳房,,子宮頸,,子宮體,,甲狀腺,,皮膚,,卵巢、輸卵管及寬韌帶,,,,,肝及肝內膽管,,,直腸與肛門,,,肺、支氣管及氣管,,,非何杰金氏淋巴瘤,,,胃,,胰,,結直腸癌,,膀胱,,,,,,,,,,,,,,,,,,,
,,,,,個案數,發生率,個案數,發生率,個案數,發生率,個案數,發生率,個案數,發生率,個案數,,,,發生率,個案數,,發生率,個案數,,發生率,個案數,,發生率,個案數,,發生率,個案數,發生率,個案數,發生率,個案數,發生率,個案數,發生率,,,,,,,,,,,,,,,,,,
,,,,25~29,1,68.40,,,,,1,68.40,,,,,,,,,,,,,,,,,,,,,,,,,,,,,,,,,,,,,,,,,,,,,
,,,,30~34,,,,,,,,,,,,,,,,,,,1,,68.17,,,,,,,,,,,,,,,,,,,,,,,,,,,,,,,,
,,,,35~39,,,,,,,,,,,,,,,,,,,,,,,,,,,,,,,,1,69.30,,,,,,,,,,,,,,,,,,,,
,,,,40~44,1,76.16,,,,,,,,,,,,,,,,,,,,,,,,,,,,,,,,,,,,,,,,,,,,,,,,,,,
,,,,45~49,1,83.40,1,83.40,1,83.40,,,,,1,,,,83.40,,,,,,,1,,83.40,,,,,,,,,,,,,,,,,,,,,,,,,,,,,
,,,,50~54,1,110.99,1,110.99,3,332.96,,,,,,,,,,,,,,,,,,,,,,1,110.99,,,2,221.98,1,110.99,,,,,,,,,,,,,,,,,,
,,,,55~59,1,129.70,,,1,129.70,1,129.70,,,,,,,,1,,129.70,,,,,,,,,,,,,,,,,,,,,,,,,,,,,,,,,,,
,,,,60~64,1,180.51,,,,,,,,,,,,,,,,,,,,,,,,,,1,180.51,1,180.51,1,180.51,,,,,,,,,,,,,,,,,,,,
,,,,65~69,1,153.37,,,,,,,,,,,,,,2,,306.75,,,,1,,153.37,,,,,,,,1,153.37,,,,,,,,,,,,,,,,,,,,
,,,,75~79,1,205.76,,,,,,,1,205.76,,,,,,,,,,,,,,,1,,205.76,1,205.76,1,205.76,,,,,,,,,,,,,,,,,,,,,,
,,,,80~84,,,,,,,,,,,,,,,,,,,,,,,,,,,,1,409.84,,,,,,,,,,,,,,,,,,,,,,,,
,,,,,,,,,,,,,,,,,,,,,,,,,,,,,,,,,,,,,,,,,,,,,,,,,,,,,,,,,
,,,,,,,,,,,,,,,,,,,,,,,,,,,,,,,,,,,,,,,,,,,,,,,,,,,,,,,,,
,,,台灣女性每10萬人口年齡別發生率，2008年,,,,,,,,,,,,,,,,,,,,,,,,,,,,,,,,,,,,,,,,,,,,,,,,,,,,,,
,,,,,,,,,,,,,,,,,,,,,,,,,,,,,,,,,,,,,,,,,,,,,,,,,,,,,,,,,
,,,,,,,,,,,,,,,,,,,,,,,,,,,,,,,,,,,,,,,,,,,,,,,,,,,,,,,,,
,,,,診斷年齡,口腔癌,,女性乳房,,子宮頸,,子宮體,,不明原發部位,,甲狀腺,,,,,皮膚,,,卵巢、輸卵管及寬韌帶,,,肝及肝內膽管,,,直腸與肛門,,,肺、支氣管及氣管,,胃,,胰,,結直腸癌,,腎盂及其他泌尿系統,,腦,,,,,,,,,,,,,,,
,,,,,個案數,發生率,個案數,發生率,個案數,發生率,個案數,發生率,個案數,發生率,個案數,,,,發生率,個案數,,發生率,個案數,,發生率,個案數,,發生率,個案數,,發生率,個案數,發生率,個案數,發生率,個案數,發生率,個案數,發生率,個案數,發生率,個案數,發生率,,,,,,,,,,,,,,
,,,,15~19,,,,,,,,,,,,,,,,,,,,,,,,,,,,,,,,,,,,,,1,81.17,,,,,,,,,,,,,,
,,,,25~29,,,,,,,,,,,1,,,,68.87,,,,,,,,,,,,,,,,,,,,,,,,,,,,,,,,,,,,,,
,,,,30~34,,,,,,,1,68.21,,,1,,,,68.21,,,,,,,,,,,,,,,,,,,,,,,,,,,,,,,,,,,,,,
,,,,35~39,,,3,208.77,,,,,,,,,,,,,,,,,,,,,,,,,,,,,,,,,,,,,,,,,,,,,,,,,
,,,,40~44,,,,,,,,,,,,,,,,2,,149.59,,,,,,,,,,,,,,,,,,,,,,,,,,,,,,,,,,,
,,,,45~49,,,3,242.72,,,,,,,,,,,,,,,1,,80.91,,,,,,,1,80.91,,,,,,,,,,,,,,,,,,,,,,,,
,,,,50~54,,,,,,,,,,,,,,,,,,,1,,102.46,2,,204.92,2,,204.92,,,,,,,,,,,,,,,,,,,,,,,,,,
,,,,55~59,,,,,,,,,,,,,,,,,,,,,,,,,,,,,,,,,,2,254.78,,,,,,,,,,,,,,,,,,
,,,,60~64,,,1,172.71,1,172.71,,,,,,,,,,,,,,,,,,,,,,,,,,,,,,,,,,,,,,,,,,,,,,,
,,,,65~69,1,151.98,,,,,,,,,,,,,,,,,,,,1,,151.98,,,,1,151.98,,,,,,,1,151.98,,,,,,,,,,,,,,,,
,,,,70~74,,,,,,,,,1,172.71,,,,,,1,,172.71,1,,172.71,2,,345.42,1,,172.71,1,172.71,1,172.71,,,1,172.71,,,,,,,,,,,,,,,,,,
,,,,75~79,1,197.24,,,,,,,,,,,,,,2,,394.48,,,,3,,591.72,,,,2,394.48,,,,,1,197.24,,,,,,,,,,,,,,,,,,
,,,,80~84,,,,,,,,,,,,,,,,,,,,,,1,,359.71,,,,1,359.71,,,,,1,359.71,,,,,,,,,,,,,,,,,,
,,,,85+,,,,,1,561.80,,,,,,,,,,,,,,,,,,,2,,1123.60,,,,,1,561.80,1,561.80,,,,,,,,,,,,,,,,,,
,,,,,,,,,,,,,,,,,,,,,,,,,,,,,,,,,,,,,,,,,,,,,,,,,,,,,,,,,
,,,,,,,,,,,,,,,,,,,,,,,,,,,,,,,,,,,,,,,,,,,,,,,,,,,,,,,,,
,,,台灣女性每10萬人口年齡別發生率，2009年,,,,,,,,,,,,,,,,,,,,,,,,,,,,,,,,,,,,,,,,,,,,,,,,,,,,,,
,,,,,,,,,,,,,,,,,,,,,,,,,,,,,,,,,,,,,,,,,,,,,,,,,,,,,,,,,
,,,,,,,,,,,,,,,,,,,,,,,,,,,,,,,,,,,,,,,,,,,,,,,,,,,,,,,,,
,,,,診斷年齡,口腔癌,,女性乳房,,子宮體,,甲狀腺,,白血病,,皮膚,,,,,卵巢、輸卵管及寬韌帶,,,肝及肝內膽管,,,其他女性生殖器官,,,其他神經系統,,,直腸與肛門,,肺、支氣管及氣管,,非何杰金氏淋巴瘤,,胃,,胰,,造血系統及網狀內皮系統,,結直腸癌,,腎,,腎盂及其他泌尿系統,,腦,,膀胱,,鼻咽,,膽囊及肝外膽管,
,,,,,個案數,發生率,個案數,發生率,個案數,發生率,個案數,發生率,個案數,發生率,個案數,,,,發生率,個案數,,發生率,個案數,,發生率,個案數,,發生率,個案數,,發生率,個案數,發生率,個案數,發生率,個案數,發生率,個案數,發生率,個案數,發生率,個案數,發生率,個案數,發生率,個案數,發生率,個案數,發生率,個案數,發生率,個案數,發生率,個案數,發生率,個案數,發生率
,,,,20~24,,,,,,,1,82.71,,,,,,,,,,,,,,,,,,,,,,,,,,,,,,,,,,,,,,,,,,,,,
,,,,35~39,,,1,68.59,,,1,68.59,,,,,,,,,,,,,,,,,,,,,,,,,,,,,,,,,,,,,,1,68.59,,,,,,
,,,,40~44,,,,,,,,,,,,,,,,,,,,,,1,,73.53,,,,,,,,,,,,,,,,,,,,,,1,73.53,,,1,73.53,,
,,,,45~49,,,1,77.40,1,77.40,1,77.40,,,,,,,,,,,,,,,,,,,,,,,,1,77.40,,,,,,,,,,,,,,,1,77.40,,,,
,,,,50~54,,,1,98.52,1,98.52,1,98.52,,,,,,,,,,,,,,,,,,,,1,98.52,1,98.52,,,,,,,,,,,,,,,,,,,,,,
,,,,55~59,,,,,1,117.92,,,,,1,,,,117.92,,,,,,,,,,,,,,,,,,,1,117.92,,,,,,,1,117.92,,,,,,,,,,
,,,,60~64,1,171.82,,,1,171.82,,,,,,,,,,,,,1,,171.82,,,,,,,1,171.82,,,,,,,,,,,,,,,,,,,,,,,,
,,,,65~69,,,,,,,,,,,,,,,,,,,2,,316.46,,,,,,,,,3,474.68,,,,,,,,,,,,,,,,,,,,,,
,,,,70~74,1,173.01,,,,,,,,,,,,,,,,,2,,346.02,,,,1,,173.01,,,,,,,1,173.01,2,346.02,1,173.01,,,1,173.01,,,1,173.01,,,,,,
,,,,75~79,,,,,,,,,,,,,,,,1,,190.84,2,,381.68,,,,,,,,,2,381.68,,,,,,,,,1,190.84,,,1,190.84,,,,,,,1,190.84
,,,,80~84,,,,,,,,,1,311.53,4,,,,1246.11,,,,1,,311.53,,,,,,,,,1,311.53,1,311.53,,,,,,,,,,,,,,,,,,,,
,,,,85+,,,,,,,,,,,2,,,,1149.43,,,,,,,,,,,,,,,2,1149.43,,,,,1,574.71,,,,,,,,,,,,,,,,
,,,,,,,,,,,,,,,,,,,,,,,,,,,,,,,,,,,,,,,,,,,,,,,,,,,,,,,,,
,,,,,,,,,,,,,,,,,,,,,,,,,,,,,,,,,,,,,,,,,,,,,,,,,,,,,,,,,
,,,台灣女性每10萬人口年齡別發生率，2010年,,,,,,,,,,,,,,,,,,,,,,,,,,,,,,,,,,,,,,,,,,,,,,,,,,,,,,
,,,,,,,,,,,,,,,,,,,,,,,,,,,,,,,,,,,,,,,,,,,,,,,,,,,,,,,,,
,,,,,,,,,,,,,,,,,,,,,,,,,,,,,,,,,,,,,,,,,,,,,,,,,,,,,,,,,
,,,,診斷年齡,口腔癌,,女性乳房,,子宮頸,,子宮體,,甲狀腺,,白血病,,,,,皮膚,,,肝及肝內膽管,,,直腸與肛門,,,肺、支氣管及氣管,,,非何杰金氏淋巴瘤,,胃,,結直腸癌,,腎盂及其他泌尿系統,,,,,,,,,,,,,,,,,,,
,,,,,個案數,發生率,個案數,發生率,個案數,發生率,個案數,發生率,個案數,發生率,個案數,,,,發生率,個案數,,發生率,個案數,,發生率,個案數,,發生率,個案數,,發生率,個案數,發生率,個案數,發生率,個案數,發生率,個案數,發生率,,,,,,,,,,,,,,,,,,
,,,,20~24,,,,,,,,,1,81.37,,,,,,,,,,,,,,,,,,,,,,,,,,,,,,,,,,,,,,,,,,,
,,,,35~39,,,1,67.57,,,,,,,,,,,,,,,,,,1,,67.57,,,,,,,,,,,,,,,,,,,,,,,,,,,,,
,,,,40~44,,,1,69.49,,,,,,,,,,,,,,,,,,,,,,,,,,,,1,69.49,,,,,,,,,,,,,,,,,,,,
,,,,45~49,,,,,1,78.49,,,,,,,,,,,,,,,,1,,78.49,,,,,,,,,,,,,,,,,,,,,,,,,,,,,
,,,,50~54,,,1,90.42,,,,,,,1,,,,90.42,,,,,,,,,,,,,,,,,,,,,,,,,,,,,,,,,,,,,,
,,,,55~59,1,111.11,1,111.11,,,,,,,1,,,,111.11,,,,,,,,,,,,,,,,,1,111.11,,,,,,,,,,,,,,,,,,,,
,,,,60~64,,,1,153.61,1,153.61,,,,,,,,,,,,,1,,153.61,,,,1,,153.61,,,,,,,,,,,,,,,,,,,,,,,,,,
,,,,65~69,,,2,342.47,,,1,171.23,,,,,,,,1,,171.23,2,,342.47,1,,171.23,1,,171.23,,,,,1,171.23,1,171.23,,,,,,,,,,,,,,,,,,
,,,,70~74,,,1,176.68,,,,,1,176.68,,,,,,,,,2,,353.36,,,,2,,353.36,,,,,1,176.68,,,,,,,,,,,,,,,,,,,,
,,,,75~79,1,184.84,1,184.84,1,184.84,,,,,,,,,,,,,3,,554.53,1,,184.84,3,,554.53,1,184.84,1,184.84,,,1,184.84,,,,,,,,,,,,,,,,,,
,,,,80~84,,,,,,,,,,,,,,,,,,,3,,867.05,,,,,,,,,,,1,289.02,1,289.02,,,,,,,,,,,,,,,,,,
,,,,85+,,,,,,,,,,,,,,,,,,,,,,,,,1,,523.56,,,,,1,523.56,,,,,,,,,,,,,,,,,,,,
,,,,,,,,,,,,,,,,,,,,,,,,,,,,,,,,,,,,,,,,,,,,,,,,,,,,,,,,,
,,,,,,,,,,,,,,,,,,,,,,,,,,,,,,,,,,,,,,,,,,,,,,,,,,,,,,,,,
