,,,,,,,,,,,,,,,,,,,,,,,,,,,,,,,,,,,,,,,,,,,,,,,,,,,,,
,"查詢條件：
[資料類型]指標-發生率
[統計值]年齡別率
[年度]1979-2010
[性別]男性及女性
[年齡]全部-
[鄉鎮]臺南縣後壁鄉, 
[癌症部位]口腔、口咽及下咽, 主唾液腺, 鼻咽, 消化器官及腹膜, 呼吸系統及胸腔內器..., 骨、關節及關節軟骨, 結締組織、皮下組織..., 皮膚, 女性乳房, 男性乳房, 女性生殖器官, 男性生殖器官, 泌尿器官, 眼及淚腺, 中樞神經系統, 內分泌腺, 其他分界不明的部位, 惡性淋巴瘤, 不明原發部位, 白血病, 其他, ",,,,,,,,,,,,,,,,,,,,,,,,,,,,,,,,,,,,,,,,,,,,,,,,,,,,
,,,,,,,,,,,,,,,,,,,,,,,,,,,,,,,,,,,,,,,,,,,,,,,,,,,,,
,"欄位說明：
分率=某特定癌症數÷總癌症數×100
粗率=（某特定癌症新診斷或死亡人數÷總人口數）×100000
年齡別率=（某年齡層癌症新診斷或死亡人數÷某年齡層人口數）×100000
標準化率=Σ（某特定年齡別率×該年齡層標準人口數）÷Σ（某特定年齡層標準人口數）×100000",,,,,,,,,,,,,,,,,,,,,,,,,,,,,,,,,,,,,,,,,,,,,,,,,,,,
,,,,,,,,,,,,,,,,,,,,,,,,,,,,,,,,,,,,,,,,,,,,,,,,,,,,,
,,,,,,,,,,,,,,,,,,,,,,,,,,,,,,,,,,,,,,,,,,,,,,,,,,,,,
,,,台灣男性每10萬人口年齡別發生率，1979年,,,,,,,,,,,,,,,,,,,,,,,,,,,,,,,,,,,,,,,,,,,,,,,,,,
,,,,,,,,,,,,,,,,,,,,,,,,,,,,,,,,,,,,,,,,,,,,,,,,,,,,,
,,,,,,,,,,,,,,,,,,,,,,,,,,,,,,,,,,,,,,,,,,,,,,,,,,,,,
,,,,診斷年齡,肝及肝內膽管,,食道,,腦,,鼻咽,,膽囊及肝外膽管,,,,,,,,,,,,,,,,,,,,,,,,,,,,,,,,,,,,,,,,
,,,,,個案數,發生率,個案數,發生率,個案數,發生率,個案數,發生率,個案數,發生率,,,,,,,,,,,,,,,,,,,,,,,,,,,,,,,,,,,,,,,
,,,,35~39,,,,,,,,,1,124.38,,,,,,,,,,,,,,,,,,,,,,,,,,,,,,,,,,,,,,,
,,,,40~44,1,105.15,,,,,,,,,,,,,,,,,,,,,,,,,,,,,,,,,,,,,,,,,,,,,,,
,,,,55~59,,,1,156.99,1,156.99,1,156.99,,,,,,,,,,,,,,,,,,,,,,,,,,,,,,,,,,,,,,,,,
,,,,60~64,1,210.97,,,,,,,,,,,,,,,,,,,,,,,,,,,,,,,,,,,,,,,,,,,,,,,
,,,,70~74,,,,,,,1,333.33,,,,,,,,,,,,,,,,,,,,,,,,,,,,,,,,,,,,,,,,,
,,,,,,,,,,,,,,,,,,,,,,,,,,,,,,,,,,,,,,,,,,,,,,,,,,,,,
,,,,,,,,,,,,,,,,,,,,,,,,,,,,,,,,,,,,,,,,,,,,,,,,,,,,,
,,,台灣男性每10萬人口年齡別發生率，1980年,,,,,,,,,,,,,,,,,,,,,,,,,,,,,,,,,,,,,,,,,,,,,,,,,,
,,,,,,,,,,,,,,,,,,,,,,,,,,,,,,,,,,,,,,,,,,,,,,,,,,,,,
,,,,,,,,,,,,,,,,,,,,,,,,,,,,,,,,,,,,,,,,,,,,,,,,,,,,,
,,,,診斷年齡,白血病,,皮膚,,肝及肝內膽管,,肺、支氣管及氣管,,結直腸癌,,膀胱,,,,,鼻咽,,膽囊及肝外膽管,,,,,,,,,,,,,,,,,,,,,,,,,,,,,,,
,,,,,個案數,發生率,個案數,發生率,個案數,發生率,個案數,發生率,個案數,發生率,個案數,,,,發生率,個案數,發生率,個案數,發生率,,,,,,,,,,,,,,,,,,,,,,,,,,,,,,
,,,,10~14,1,59.38,,,,,,,,,,,,,,,,,,,,,,,,,,,,,,,,,,,,,,,,,,,,,,,
,,,,40~44,,,,,1,110.62,,,1,110.62,,,,,,,,,,,,,,,,,,,,,,,,,,,,,,,,,,,,,,,
,,,,50~54,,,1,100.70,,,2,201.41,,,,,,,,2,201.41,,,,,,,,,,,,,,,,,,,,,,,,,,,,,,,,
,,,,60~64,,,,,,,,,,,1,,,,202.84,,,1,202.84,,,,,,,,,,,,,,,,,,,,,,,,,,,,,,
,,,,,,,,,,,,,,,,,,,,,,,,,,,,,,,,,,,,,,,,,,,,,,,,,,,,,
,,,,,,,,,,,,,,,,,,,,,,,,,,,,,,,,,,,,,,,,,,,,,,,,,,,,,
,,,台灣男性每10萬人口年齡別發生率，1981年,,,,,,,,,,,,,,,,,,,,,,,,,,,,,,,,,,,,,,,,,,,,,,,,,,
,,,,,,,,,,,,,,,,,,,,,,,,,,,,,,,,,,,,,,,,,,,,,,,,,,,,,
,,,,,,,,,,,,,,,,,,,,,,,,,,,,,,,,,,,,,,,,,,,,,,,,,,,,,
,,,,診斷年齡,白血病,,肝及肝內膽管,,其他男性生殖器官,,直腸與肛門,,肺、支氣管及氣管,,胃,,,,,結直腸癌,,腦,,鼻咽,,,,,,,,,,,,,,,,,,,,,,,,,,,,,
,,,,,個案數,發生率,個案數,發生率,個案數,發生率,個案數,發生率,個案數,發生率,個案數,,,,發生率,個案數,發生率,個案數,發生率,個案數,,發生率,,,,,,,,,,,,,,,,,,,,,,,,,,,
,,,,0~4,,,,,,,,,,,,,,,,,,1,61.61,,,,,,,,,,,,,,,,,,,,,,,,,,,,,,
,,,,35~39,1,142.05,,,1,142.05,,,,,,,,,,,,,,,,,,,,,,,,,,,,,,,,,,,,,,,,,,,
,,,,45~49,,,,,,,,,,,1,,,,100.00,,,,,1,,100.00,,,,,,,,,,,,,,,,,,,,,,,,,,,
,,,,50~54,,,1,99.90,,,,,1,99.90,,,,,,,,,,,,,,,,,,,,,,,,,,,,,,,,,,,,,,,
,,,,55~59,,,,,,,,,,,1,,,,150.15,,,,,,,,,,,,,,,,,,,,,,,,,,,,,,,,,,
,,,,60~64,,,1,185.53,,,,,,,,,,,,,,,,,,,,,,,,,,,,,,,,,,,,,,,,,,,,,
,,,,65~69,,,,,,,,,1,240.96,,,,,,2,481.93,,,,,,,,,,,,,,,,,,,,,,,,,,,,,,,,
,,,,70~74,,,,,,,1,283.29,,,,,,,,,,,,,,,,,,,,,,,,,,,,,,,,,,,,,,,,,
,,,,75~79,,,1,578.03,,,,,1,578.03,,,,,,,,,,,,,,,,,,,,,,,,,,,,,,,,,,,,,,,
,,,,,,,,,,,,,,,,,,,,,,,,,,,,,,,,,,,,,,,,,,,,,,,,,,,,,
,,,,,,,,,,,,,,,,,,,,,,,,,,,,,,,,,,,,,,,,,,,,,,,,,,,,,
,,,台灣男性每10萬人口年齡別發生率，1982年,,,,,,,,,,,,,,,,,,,,,,,,,,,,,,,,,,,,,,,,,,,,,,,,,,
,,,,,,,,,,,,,,,,,,,,,,,,,,,,,,,,,,,,,,,,,,,,,,,,,,,,,
,,,,,,,,,,,,,,,,,,,,,,,,,,,,,,,,,,,,,,,,,,,,,,,,,,,,,
,,,,診斷年齡,肝及肝內膽管,,直腸與肛門,,肺、支氣管及氣管,,胃,,造血系統及網狀內皮系統,,結直腸癌,,,,,膀胱,,鼻咽,,膽囊及肝外膽管,,,,,,,,,,,,,,,,,,,,,,,,,,,,,
,,,,,個案數,發生率,個案數,發生率,個案數,發生率,個案數,發生率,個案數,發生率,個案數,,,,發生率,個案數,發生率,個案數,發生率,個案數,,發生率,,,,,,,,,,,,,,,,,,,,,,,,,,,
,,,,20~24,,,,,,,,,1,40.75,,,,,,,,1,40.75,,,,,,,,,,,,,,,,,,,,,,,,,,,,,,
,,,,50~54,,,,,2,201.61,1,100.81,,,,,,,,,,,,,,,,,,,,,,,,,,,,,,,,,,,,,,,,,
,,,,55~59,,,,,,,1,138.50,,,,,,,,,,,,,,,,,,,,,,,,,,,,,,,,,,,,,,,,,
,,,,60~64,2,360.36,,,,,,,,,,,,,,,,,,,,,,,,,,,,,,,,,,,,,,,,,,,,,,,
,,,,65~69,,,1,243.90,,,3,731.71,,,,,,,,,,,,,,,,,,,,,,,,,,,,,,,,,,,,,,,,,
,,,,70~74,,,,,,,1,267.38,,,1,,,,267.38,,,,,1,,267.38,,,,,,,,,,,,,,,,,,,,,,,,,,,
,,,,75~79,,,,,,,,,,,,,,,,1,515.46,,,,,,,,,,,,,,,,,,,,,,,,,,,,,,,,
,,,,,,,,,,,,,,,,,,,,,,,,,,,,,,,,,,,,,,,,,,,,,,,,,,,,,
,,,,,,,,,,,,,,,,,,,,,,,,,,,,,,,,,,,,,,,,,,,,,,,,,,,,,
,,,台灣男性每10萬人口年齡別發生率，1983年,,,,,,,,,,,,,,,,,,,,,,,,,,,,,,,,,,,,,,,,,,,,,,,,,,
,,,,,,,,,,,,,,,,,,,,,,,,,,,,,,,,,,,,,,,,,,,,,,,,,,,,,
,,,,,,,,,,,,,,,,,,,,,,,,,,,,,,,,,,,,,,,,,,,,,,,,,,,,,
,,,,診斷年齡,肝及肝內膽管,,直腸與肛門,,肺、支氣管及氣管,,胰,,鼻咽,,鼻腔、中耳及副鼻竇,,,,,,,,,,,,,,,,,,,,,,,,,,,,,,,,,,,,,,
,,,,,個案數,發生率,個案數,發生率,個案數,發生率,個案數,發生率,個案數,發生率,個案數,,,,發生率,,,,,,,,,,,,,,,,,,,,,,,,,,,,,,,,,,
,,,,25~29,,,1,53.39,,,,,1,53.39,,,,,,,,,,,,,,,,,,,,,,,,,,,,,,,,,,,,,,,
,,,,35~39,,,,,1,132.10,,,,,,,,,,,,,,,,,,,,,,,,,,,,,,,,,,,,,,,,,,,
,,,,40~44,,,,,,,,,1,125.94,,,,,,,,,,,,,,,,,,,,,,,,,,,,,,,,,,,,,,,
,,,,55~59,,,,,,,1,129.87,,,1,,,,129.87,,,,,,,,,,,,,,,,,,,,,,,,,,,,,,,,,,
,,,,60~64,,,,,,,1,180.51,,,,,,,,,,,,,,,,,,,,,,,,,,,,,,,,,,,,,,,,,
,,,,65~69,,,1,249.38,,,,,,,,,,,,,,,,,,,,,,,,,,,,,,,,,,,,,,,,,,,,,
,,,,70~74,1,261.10,,,,,,,,,,,,,,,,,,,,,,,,,,,,,,,,,,,,,,,,,,,,,,,
,,,,75~79,,,,,1,471.70,,,,,,,,,,,,,,,,,,,,,,,,,,,,,,,,,,,,,,,,,,,
,,,,,,,,,,,,,,,,,,,,,,,,,,,,,,,,,,,,,,,,,,,,,,,,,,,,,
,,,,,,,,,,,,,,,,,,,,,,,,,,,,,,,,,,,,,,,,,,,,,,,,,,,,,
,,,台灣男性每10萬人口年齡別發生率，1984年,,,,,,,,,,,,,,,,,,,,,,,,,,,,,,,,,,,,,,,,,,,,,,,,,,
,,,,,,,,,,,,,,,,,,,,,,,,,,,,,,,,,,,,,,,,,,,,,,,,,,,,,
,,,,,,,,,,,,,,,,,,,,,,,,,,,,,,,,,,,,,,,,,,,,,,,,,,,,,
,,,,診斷年齡,口腔癌,,甲狀腺,,皮膚,,肝及肝內膽管,,肺、支氣管及氣管,,非何杰金氏淋巴瘤,,,,,胃,,食道,,結直腸癌,,,腦,,,膀胱,,鼻咽,,,,,,,,,,,,,,,,,,,,,
,,,,,個案數,發生率,個案數,發生率,個案數,發生率,個案數,發生率,個案數,發生率,個案數,,,,發生率,個案數,發生率,個案數,發生率,個案數,,發生率,個案數,,發生率,個案數,發生率,個案數,發生率,,,,,,,,,,,,,,,,,,,,
,,,,10~14,,,,,,,,,,,,,,,,,,,,,,,1,,84.60,,,,,,,,,,,,,,,,,,,,,,,,
,,,,30~34,,,1,84.82,,,,,,,,,,,,,,,,,,,,,,,,,,,,,,,,,,,,,,,,,,,,,
,,,,40~44,,,,,,,,,,,1,,,,128.04,,,,,,,,,,,,,,,,,,,,,,,,,,,,,,,,,,
,,,,45~49,,,,,,,1,111.11,,,,,,,,,,,,,,,,,,,,1,111.11,,,,,,,,,,,,,,,,,,,,
,,,,55~59,1,121.80,,,,,,,,,,,,,,,,,,,,,,,,,,1,121.80,,,,,,,,,,,,,,,,,,,,
,,,,60~64,,,,,1,170.07,,,,,,,,,,,,,,,,,,,,1,170.07,,,,,,,,,,,,,,,,,,,,,,
,,,,65~69,,,,,,,,,1,257.73,,,,,,,,1,257.73,1,,257.73,,,,,,1,257.73,,,,,,,,,,,,,,,,,,,,
,,,,70~74,,,,,,,,,,,,,,,,1,255.10,,,1,,255.10,,,,,,,,,,,,,,,,,,,,,,,,,,,
,,,,75~79,,,,,,,,,,,,,,,,,,1,487.80,,,,,,,,,,,,,,,,,,,,,,,,,,,,,,
,,,,,,,,,,,,,,,,,,,,,,,,,,,,,,,,,,,,,,,,,,,,,,,,,,,,,
,,,,,,,,,,,,,,,,,,,,,,,,,,,,,,,,,,,,,,,,,,,,,,,,,,,,,
,,,台灣男性每10萬人口年齡別發生率，1985年,,,,,,,,,,,,,,,,,,,,,,,,,,,,,,,,,,,,,,,,,,,,,,,,,,
,,,,,,,,,,,,,,,,,,,,,,,,,,,,,,,,,,,,,,,,,,,,,,,,,,,,,
,,,,,,,,,,,,,,,,,,,,,,,,,,,,,,,,,,,,,,,,,,,,,,,,,,,,,
,,,,診斷年齡,肝及肝內膽管,,其它淋巴瘤,,肺、支氣管及氣管,,胃,,腦,,鼻咽,,,,,,,,,,,,,,,,,,,,,,,,,,,,,,,,,,,,,,
,,,,,個案數,發生率,個案數,發生率,個案數,發生率,個案數,發生率,個案數,發生率,個案數,,,,發生率,,,,,,,,,,,,,,,,,,,,,,,,,,,,,,,,,,
,,,,25~29,,,1,52.74,,,,,,,,,,,,,,,,,,,,,,,,,,,,,,,,,,,,,,,,,,,,,
,,,,35~39,1,122.25,,,,,,,,,,,,,,,,,,,,,,,,,,,,,,,,,,,,,,,,,,,,,,,
,,,,45~49,,,,,1,117.65,,,,,,,,,,,,,,,,,,,,,,,,,,,,,,,,,,,,,,,,,,,
,,,,50~54,1,98.52,,,1,98.52,,,,,,,,,,,,,,,,,,,,,,,,,,,,,,,,,,,,,,,,,,,
,,,,55~59,,,,,,,,,1,108.81,1,,,,108.81,,,,,,,,,,,,,,,,,,,,,,,,,,,,,,,,,,
,,,,60~64,,,,,,,1,170.65,,,,,,,,,,,,,,,,,,,,,,,,,,,,,,,,,,,,,,,,,
,,,,65~69,,,,,1,239.23,1,239.23,,,,,,,,,,,,,,,,,,,,,,,,,,,,,,,,,,,,,,,,,
,,,,70~74,,,,,,,1,283.29,,,,,,,,,,,,,,,,,,,,,,,,,,,,,,,,,,,,,,,,,
,,,,,,,,,,,,,,,,,,,,,,,,,,,,,,,,,,,,,,,,,,,,,,,,,,,,,
,,,,,,,,,,,,,,,,,,,,,,,,,,,,,,,,,,,,,,,,,,,,,,,,,,,,,
,,,台灣男性每10萬人口年齡別發生率，1986年,,,,,,,,,,,,,,,,,,,,,,,,,,,,,,,,,,,,,,,,,,,,,,,,,,
,,,,,,,,,,,,,,,,,,,,,,,,,,,,,,,,,,,,,,,,,,,,,,,,,,,,,
,,,,,,,,,,,,,,,,,,,,,,,,,,,,,,,,,,,,,,,,,,,,,,,,,,,,,
,,,,診斷年齡,小腸,,肝及肝內膽管,,肺、支氣管及氣管,,胃,,食道,,造血系統及網狀內皮系統,,,,,結直腸癌,,腦,,鼻咽,,,,,,,,,,,,,,,,,,,,,,,,,,,,,
,,,,,個案數,發生率,個案數,發生率,個案數,發生率,個案數,發生率,個案數,發生率,個案數,,,,發生率,個案數,發生率,個案數,發生率,個案數,,發生率,,,,,,,,,,,,,,,,,,,,,,,,,,,
,,,,0~4,,,,,,,,,,,,,,,,,,1,73.75,,,,,,,,,,,,,,,,,,,,,,,,,,,,,,
,,,,15~19,,,,,,,,,,,,,,,,,,1,65.49,,,,,,,,,,,,,,,,,,,,,,,,,,,,,,
,,,,25~29,,,,,,,,,,,,,,,,1,51.89,,,,,,,,,,,,,,,,,,,,,,,,,,,,,,,,
,,,,45~49,,,2,238.95,,,,,,,,,,,,,,,,,,,,,,,,,,,,,,,,,,,,,,,,,,,,,
,,,,50~54,,,,,,,,,,,1,,,,103.63,,,,,,,,,,,,,,,,,,,,,,,,,,,,,,,,,,
,,,,55~59,,,,,1,104.82,,,,,,,,,,,,,,1,,104.82,,,,,,,,,,,,,,,,,,,,,,,,,,,
,,,,60~64,,,1,165.02,,,1,165.02,,,,,,,,,,,,,,,,,,,,,,,,,,,,,,,,,,,,,,,,,
,,,,65~69,1,206.19,,,,,,,1,206.19,,,,,,,,,,,,,,,,,,,,,,,,,,,,,,,,,,,,,,,
,,,,,,,,,,,,,,,,,,,,,,,,,,,,,,,,,,,,,,,,,,,,,,,,,,,,,
,,,,,,,,,,,,,,,,,,,,,,,,,,,,,,,,,,,,,,,,,,,,,,,,,,,,,
,,,台灣男性每10萬人口年齡別發生率，1987年,,,,,,,,,,,,,,,,,,,,,,,,,,,,,,,,,,,,,,,,,,,,,,,,,,
,,,,,,,,,,,,,,,,,,,,,,,,,,,,,,,,,,,,,,,,,,,,,,,,,,,,,
,,,,,,,,,,,,,,,,,,,,,,,,,,,,,,,,,,,,,,,,,,,,,,,,,,,,,
,,,,診斷年齡,不明原發部位,,甲狀腺,,肝及肝內膽管,,其它淋巴瘤,,直腸與肛門,,肺、支氣管及氣管,,,,,胃,,胰,,喉,,,結直腸癌,,,膀胱,,鼻咽,,攝護腺,,,,,,,,,,,,,,,,,,,
,,,,,個案數,發生率,個案數,發生率,個案數,發生率,個案數,發生率,個案數,發生率,個案數,,,,發生率,個案數,發生率,個案數,發生率,個案數,,發生率,個案數,,發生率,個案數,發生率,個案數,發生率,個案數,發生率,,,,,,,,,,,,,,,,,,
,,,,40~44,,,,,,,,,,,,,,,,,,,,,,,,,,,,1,144.93,,,,,,,,,,,,,,,,,,,,
,,,,45~49,,,,,2,260.42,,,,,,,,,,,,1,130.21,,,,,,,1,130.21,,,,,,,,,,,,,,,,,,,,,,
,,,,50~54,,,1,103.09,1,103.09,,,1,103.09,1,,,,103.09,,,,,,,,1,,103.09,,,1,103.09,,,,,,,,,,,,,,,,,,,,
,,,,55~59,1,107.30,1,107.30,,,,,1,107.30,,,,,,,,,,,,,1,,107.30,,,1,107.30,,,,,,,,,,,,,,,,,,,,
,,,,60~64,,,,,1,150.83,,,1,150.83,1,,,,150.83,1,150.83,,,,,,1,,150.83,,,1,150.83,,,,,,,,,,,,,,,,,,,,
,,,,70~74,,,,,,,,,,,1,,,,288.18,,,,,1,,288.18,,,,1,288.18,1,288.18,,,,,,,,,,,,,,,,,,,,
,,,,75~79,,,,,,,,,,,,,,,,1,375.94,,,,,,,,,,,,,1,375.94,,,,,,,,,,,,,,,,,,
,,,,80~84,,,,,,,,,,,,,,,,,,,,,,,,,,1,833.33,,,,,,,,,,,,,,,,,,,,,,
,,,,85+,,,,,,,1,2272.73,,,,,,,,,,,,,,,,,,,,,,,,,,,,,,,,,,,,,,,,,
,,,,,,,,,,,,,,,,,,,,,,,,,,,,,,,,,,,,,,,,,,,,,,,,,,,,,
,,,,,,,,,,,,,,,,,,,,,,,,,,,,,,,,,,,,,,,,,,,,,,,,,,,,,
,,,台灣男性每10萬人口年齡別發生率，1988年,,,,,,,,,,,,,,,,,,,,,,,,,,,,,,,,,,,,,,,,,,,,,,,,,,
,,,,,,,,,,,,,,,,,,,,,,,,,,,,,,,,,,,,,,,,,,,,,,,,,,,,,
,,,,,,,,,,,,,,,,,,,,,,,,,,,,,,,,,,,,,,,,,,,,,,,,,,,,,
,,,,診斷年齡,口腔癌,,肝及肝內膽管,,直腸與肛門,,肺、支氣管及氣管,,造血系統及網狀內皮系統,,結直腸癌,,,,,膀胱,,鼻咽,,鼻腔、中耳及副鼻竇,,,攝護腺,,,,,,,,,,,,,,,,,,,,,,,,,,
,,,,,個案數,發生率,個案數,發生率,個案數,發生率,個案數,發生率,個案數,發生率,個案數,,,,發生率,個案數,發生率,個案數,發生率,個案數,,發生率,個案數,,發生率,,,,,,,,,,,,,,,,,,,,,,,,
,,,,10~14,,,,,,,,,1,91.58,,,,,,,,,,,,,,,,,,,,,,,,,,,,,,,,,,,,,,,
,,,,45~49,,,1,132.80,,,,,,,,,,,,,,,,,,,,,,,,,,,,,,,,,,,,,,,,,,,,,
,,,,50~54,1,108.11,1,108.11,1,108.11,1,108.11,,,,,,,,,,,,,,,,,,,,,,,,,,,,,,,,,,,,,,,,,
,,,,55~59,,,2,211.42,,,1,105.71,,,,,,,,,,1,105.71,,,,,,,,,,,,,,,,,,,,,,,,,,,,,,
,,,,60~64,,,1,141.44,1,141.44,,,,,,,,,,,,1,141.44,,,,,,,,,,,,,,,,,,,,,,,,,,,,,,
,,,,70~74,,,,,,,,,,,,,,,,,,,,1,,297.62,,,,,,,,,,,,,,,,,,,,,,,,,,,
,,,,75~79,,,,,,,1,350.88,,,1,,,,350.88,1,350.88,,,,,,1,,350.88,,,,,,,,,,,,,,,,,,,,,,,,
,,,,80~84,,,,,,,,,,,,,,,,1,757.58,,,,,,,,,,,,,,,,,,,,,,,,,,,,,,,,
,,,,,,,,,,,,,,,,,,,,,,,,,,,,,,,,,,,,,,,,,,,,,,,,,,,,,
,,,,,,,,,,,,,,,,,,,,,,,,,,,,,,,,,,,,,,,,,,,,,,,,,,,,,
,,,台灣男性每10萬人口年齡別發生率，1989年,,,,,,,,,,,,,,,,,,,,,,,,,,,,,,,,,,,,,,,,,,,,,,,,,,
,,,,,,,,,,,,,,,,,,,,,,,,,,,,,,,,,,,,,,,,,,,,,,,,,,,,,
,,,,,,,,,,,,,,,,,,,,,,,,,,,,,,,,,,,,,,,,,,,,,,,,,,,,,
,,,,診斷年齡,口腔癌,,不明原發部位,,白血病,,肝及肝內膽管,,直腸與肛門,,肺、支氣管及氣管,,,,,後腹膜腔及腹膜,,胃,,胰,,,造血系統及網狀內皮系統,,,結直腸癌,,腎盂及其他泌尿系統,,膀胱,,鼻咽,,,,,,,,,,,,,,,,,
,,,,,個案數,發生率,個案數,發生率,個案數,發生率,個案數,發生率,個案數,發生率,個案數,,,,發生率,個案數,發生率,個案數,發生率,個案數,,發生率,個案數,,發生率,個案數,發生率,個案數,發生率,個案數,發生率,個案數,發生率,,,,,,,,,,,,,,,,
,,,,0~4,,,,,1,90.17,,,,,,,,,,,,,,,,,,,,,,,,,,,,,,,,,,,,,,,,,,,
,,,,15~19,,,,,,,,,,,,,,,,1,83.33,,,,,,,,,,,,,,,,,,,,,,,,,,,,,,,,
,,,,30~34,,,,,,,1,73.37,,,,,,,,,,,,,,,1,,73.37,,,,,,,,,,,,,,,,,,,,,,,,
,,,,40~44,,,,,,,,,,,1,,,,136.43,,,,,,,,,,,,,1,136.43,,,,,,,,,,,,,,,,,,,,
,,,,45~49,,,,,,,1,134.59,,,,,,,,,,,,1,,134.59,,,,,,,,,,,,,,,,,,,,,,,,,,,
,,,,50~54,2,230.15,,,,,1,115.07,,,,,,,,,,,,,,,,,,,,,,,,1,115.07,,,,,,,,,,,,,,,,
,,,,55~59,,,,,,,1,104.38,1,104.38,1,,,,104.38,,,,,,,,1,,104.38,1,104.38,,,,,,,,,,,,,,,,,,,,,,
,,,,60~64,2,257.73,,,,,1,128.87,,,1,,,,128.87,,,,,,,,,,,,,,,1,128.87,,,,,,,,,,,,,,,,,,
,,,,65~69,1,189.75,,,,,,,,,1,,,,189.75,,,1,189.75,,,,,,,,,,,,,,,,,,,,,,,,,,,,,,
,,,,70~74,,,,,,,,,2,595.24,,,,,,,,1,297.62,,,,,,,,,,,,,,,,,,,,,,,,,,,,,,
,,,,75~79,,,1,332.23,,,,,,,4,,,,1328.90,,,,,,,,,,,,,,,,,,,,,,,,,,,,,,,,,,
,,,,,,,,,,,,,,,,,,,,,,,,,,,,,,,,,,,,,,,,,,,,,,,,,,,,,
,,,,,,,,,,,,,,,,,,,,,,,,,,,,,,,,,,,,,,,,,,,,,,,,,,,,,
,,,台灣男性每10萬人口年齡別發生率，1990年,,,,,,,,,,,,,,,,,,,,,,,,,,,,,,,,,,,,,,,,,,,,,,,,,,
,,,,,,,,,,,,,,,,,,,,,,,,,,,,,,,,,,,,,,,,,,,,,,,,,,,,,
,,,,,,,,,,,,,,,,,,,,,,,,,,,,,,,,,,,,,,,,,,,,,,,,,,,,,
,,,,診斷年齡,口腔癌,,肝及肝內膽管,,肺、支氣管及氣管,,胃,,結直腸癌,,腎盂及其他泌尿系統,,,,,腦,,膀胱,,鼻咽,,,攝護腺,,,,,,,,,,,,,,,,,,,,,,,,,,
,,,,,個案數,發生率,個案數,發生率,個案數,發生率,個案數,發生率,個案數,發生率,個案數,,,,發生率,個案數,發生率,個案數,發生率,個案數,,發生率,個案數,,發生率,,,,,,,,,,,,,,,,,,,,,,,,
,,,,20~24,,,,,,,,,,,,,,,,1,61.50,,,,,,,,,,,,,,,,,,,,,,,,,,,,,,,,
,,,,40~44,,,1,126.42,,,,,,,,,,,,,,,,,,,,,,,,,,,,,,,,,,,,,,,,,,,,,
,,,,45~49,1,141.24,,,1,141.24,,,,,,,,,,1,141.24,,,,,,,,,,,,,,,,,,,,,,,,,,,,,,,,
,,,,50~54,,,1,121.95,,,1,121.95,1,121.95,,,,,,,,,,1,,121.95,,,,,,,,,,,,,,,,,,,,,,,,,,,
,,,,55~59,,,1,102.77,1,102.77,,,,,,,,,,,,,,,,,,,,,,,,,,,,,,,,,,,,,,,,,,,
,,,,60~64,,,2,228.83,2,228.83,,,,,,,,,,,,,,,,,,,,,,,,,,,,,,,,,,,,,,,,,,,
,,,,65~69,,,,,,,1,186.22,,,,,,,,,,,,,,,,,,,,,,,,,,,,,,,,,,,,,,,,,
,,,,70~74,,,,,,,,,,,1,,,,272.48,,,,,,,,1,,272.48,,,,,,,,,,,,,,,,,,,,,,,,
,,,,75~79,,,,,1,386.10,1,386.10,,,,,,,,,,1,386.10,,,,,,,,,,,,,,,,,,,,,,,,,,,,,,
,,,,80~84,,,,,1,649.35,,,,,,,,,,,,,,,,,,,,,,,,,,,,,,,,,,,,,,,,,,,
,,,,85+,,,1,1923.08,,,,,,,,,,,,,,,,,,,,,,,,,,,,,,,,,,,,,,,,,,,,,
,,,,,,,,,,,,,,,,,,,,,,,,,,,,,,,,,,,,,,,,,,,,,,,,,,,,,
,,,,,,,,,,,,,,,,,,,,,,,,,,,,,,,,,,,,,,,,,,,,,,,,,,,,,
,,,台灣男性每10萬人口年齡別發生率，1991年,,,,,,,,,,,,,,,,,,,,,,,,,,,,,,,,,,,,,,,,,,,,,,,,,,
,,,,,,,,,,,,,,,,,,,,,,,,,,,,,,,,,,,,,,,,,,,,,,,,,,,,,
,,,,,,,,,,,,,,,,,,,,,,,,,,,,,,,,,,,,,,,,,,,,,,,,,,,,,
,,,,診斷年齡,口腔癌,,肝及肝內膽管,,其它淋巴瘤,,直腸與肛門,,肺、支氣管及氣管,,非何杰金氏淋巴瘤,,,,,胃,,食道,,胸腺、心臟與中隔,,,淋巴結,,,結直腸癌,,腎盂及其他泌尿系統,,膀胱,,鼻咽,,攝護腺,,,,,,,,,,,,,,,
,,,,,個案數,發生率,個案數,發生率,個案數,發生率,個案數,發生率,個案數,發生率,個案數,,,,發生率,個案數,發生率,個案數,發生率,個案數,,發生率,個案數,,發生率,個案數,發生率,個案數,發生率,個案數,發生率,個案數,發生率,個案數,發生率,,,,,,,,,,,,,,
,,,,5~9,,,,,,,,,,,,,,,,,,,,,,,1,,107.30,,,,,,,,,,,,,,,,,,,,,,,,
,,,,30~34,,,,,,,,,1,69.11,,,,,,,,,,,,,,,,,,,,,,1,69.11,,,,,,,,,,,,,,,,
,,,,45~49,,,,,,,,,,,,,,,,,,1,156.01,,,,,,,,,,,,,,,,,,,,,,,,,,,,,,
,,,,50~54,1,122.25,1,122.25,,,,,,,,,,,,,,,,,,,,,,,,1,122.25,,,,,,,,,,,,,,,,,,,,
,,,,55~59,,,2,216.68,1,108.34,,,,,1,,,,108.34,2,216.68,,,,,,,,,,,,,,,,,,,,,,,,,,,,,,,,
,,,,60~64,,,3,331.86,,,,,,,1,,,,110.62,,,,,,,,,,,,,,,,,,,,,,,,,,,,,,,,,,
,,,,65~69,,,1,180.51,,,,,,,,,,,,,,,,1,,180.51,,,,2,361.01,,,,,,,1,180.51,,,,,,,,,,,,,,
,,,,70~74,,,1,238.66,,,1,238.66,3,715.99,,,,,,,,,,,,,,,,,,2,477.33,,,,,,,,,,,,,,,,,,,,
,,,,75~79,,,1,409.84,,,,,2,819.67,,,,,,1,409.84,,,,,,,,,,,,,1,409.84,,,,,,,,,,,,,,,,,,
,,,,,,,,,,,,,,,,,,,,,,,,,,,,,,,,,,,,,,,,,,,,,,,,,,,,,
,,,,,,,,,,,,,,,,,,,,,,,,,,,,,,,,,,,,,,,,,,,,,,,,,,,,,
,,,台灣男性每10萬人口年齡別發生率，1992年,,,,,,,,,,,,,,,,,,,,,,,,,,,,,,,,,,,,,,,,,,,,,,,,,,
,,,,,,,,,,,,,,,,,,,,,,,,,,,,,,,,,,,,,,,,,,,,,,,,,,,,,
,,,,,,,,,,,,,,,,,,,,,,,,,,,,,,,,,,,,,,,,,,,,,,,,,,,,,
,,,,診斷年齡,小腸,,皮膚,,肝及肝內膽管,,直腸與肛門,,肺、支氣管及氣管,,胃,,,,,食道,,胰,,眼及淚腺,,,喉,,,結直腸癌,,結締組織、皮下組織及其他軟組織,,腦,,膀胱,,鼻咽,,鼻腔、中耳及副鼻竇,,攝護腺,,,,,,,,,,,
,,,,,個案數,發生率,個案數,發生率,個案數,發生率,個案數,發生率,個案數,發生率,個案數,,,,發生率,個案數,發生率,個案數,發生率,個案數,,發生率,個案數,,發生率,個案數,發生率,個案數,發生率,個案數,發生率,個案數,發生率,個案數,發生率,個案數,發生率,個案數,發生率,,,,,,,,,,
,,,,0~4,,,,,,,,,,,,,,,,,,,,1,,95.15,,,,,,1,95.15,,,,,,,,,,,,,,,,,,,,
,,,,10~14,,,,,,,,,,,,,,,,,,,,,,,,,,1,101.11,,,,,,,,,,,,,,,,,,,,,,
,,,,20~24,,,,,,,,,,,,,,,,,,,,,,,,,,,,,,1,72.94,,,,,,,,,,,,,,,,,,
,,,,45~49,1,148.81,,,,,,,,,,,,,,,,,,,,,,,,,,,,,,,,,,,,,,,,,,,,,,,
,,,,50~54,,,,,2,264.90,1,132.45,,,,,,,,,,,,,,,,,,,,,,,,,,,,,,,,,,,,,,,,,
,,,,55~59,,,,,,,1,107.41,,,,,,,,1,107.41,,,,,,,,,1,107.41,,,,,,,,,,,,,,,,,,,,,,
,,,,60~64,,,,,,,4,442.48,1,110.62,,,,,,,,,,1,,110.62,,,,1,110.62,1,110.62,,,,,,,,,,,,,,,,,,,,
,,,,65~69,,,1,168.63,,,,,,,,,,,,,,,,,,,1,,168.63,,,,,,,1,168.63,,,,,,,,,,,,,,,,
,,,,70~74,,,,,2,459.77,,,1,229.89,1,,,,229.89,,,1,229.89,,,,1,,229.89,,,,,,,,,,,,,,,,,,,,,,,,
,,,,75~79,,,,,2,793.65,2,793.65,2,793.65,,,,,,,,,,,,,,,,,,,,,,,,1,396.83,,,,,,,,,,,,,,
,,,,80~84,,,,,,,,,1,617.28,,,,,,,,,,,,,,,,,,,,,,,,,,,,,,,,,,,,,,,
,,,,85+,,,,,,,,,,,,,,,,,,,,,,,,,,,,,,,,,,,,1,1428.57,1,1428.57,,,,,,,,,,
,,,,,,,,,,,,,,,,,,,,,,,,,,,,,,,,,,,,,,,,,,,,,,,,,,,,,
,,,,,,,,,,,,,,,,,,,,,,,,,,,,,,,,,,,,,,,,,,,,,,,,,,,,,
,,,台灣男性每10萬人口年齡別發生率，1993年,,,,,,,,,,,,,,,,,,,,,,,,,,,,,,,,,,,,,,,,,,,,,,,,,,
,,,,,,,,,,,,,,,,,,,,,,,,,,,,,,,,,,,,,,,,,,,,,,,,,,,,,
,,,,,,,,,,,,,,,,,,,,,,,,,,,,,,,,,,,,,,,,,,,,,,,,,,,,,
,,,,診斷年齡,不明原發部位,,白血病,,皮膚,,肝及肝內膽管,,直腸與肛門,,肺、支氣管及氣管,,,,,非何杰金氏淋巴瘤,,胃,,食道,,,結直腸癌,,,腎盂及其他泌尿系統,,膀胱,,膽囊及肝外膽管,,攝護腺,,,,,,,,,,,,,,,,,
,,,,,個案數,發生率,個案數,發生率,個案數,發生率,個案數,發生率,個案數,發生率,個案數,,,,發生率,個案數,發生率,個案數,發生率,個案數,,發生率,個案數,,發生率,個案數,發生率,個案數,發生率,個案數,發生率,個案數,發生率,,,,,,,,,,,,,,,,
,,,,15~19,,,1,88.26,,,,,,,,,,,,,,,,,,,,,,,,,,,,,,,,,,,,,,,,,,,,,
,,,,35~39,,,,,,,1,83.96,,,,,,,,,,,,,,,,,,,,,,,,,,,,,,,,,,,,,,,,,
,,,,40~44,,,,,,,,,,,,,,,,,,,,,,,1,,104.82,,,,,,,,,,,,,,,,,,,,,,,,
,,,,45~49,1,140.65,,,,,,,,,,,,,,,,,,,,,,,,,,,,,,,,,,,,,,,,,,,,,,,
,,,,50~54,,,,,,,1,133.69,,,,,,,,,,,,,,,,,,,,,,,,,,,,,,,,,,,,,,,,,
,,,,55~59,,,,,,,1,113.25,,,1,,,,113.25,,,,,,,,,,,,,,,,,,,,,,,,,,,,,,,,,,
,,,,60~64,,,,,,,1,107.18,,,,,,,,,,2,214.36,,,,,,,1,107.18,1,107.18,,,,,,,,,,,,,,,,,,,,
,,,,65~69,,,,,,,1,153.37,2,306.75,1,,,,153.37,,,,,1,,153.37,,,,,,,,1,153.37,,,,,,,,,,,,,,,,,,
,,,,70~74,,,,,1,222.72,,,1,222.72,,,,,,,,1,222.72,,,,,,,,,,,,,,,,,,,,,,,,,,,,,,
,,,,75~79,,,,,,,1,400.00,1,400.00,1,,,,400.00,1,400.00,,,,,,1,,400.00,,,1,400.00,,,1,400.00,,,,,,,,,,,,,,,,
,,,,80~84,,,,,,,,,,,1,,,,581.40,,,,,,,,,,,,,,,,,,,,,,,,,,,,,,,,,,
,,,,85+,,,,,,,,,,,,,,,,,,,,,,,,,,,,,,,,1,1351.35,,,,,,,,,,,,,,,,
,,,,,,,,,,,,,,,,,,,,,,,,,,,,,,,,,,,,,,,,,,,,,,,,,,,,,
,,,,,,,,,,,,,,,,,,,,,,,,,,,,,,,,,,,,,,,,,,,,,,,,,,,,,
,,,台灣男性每10萬人口年齡別發生率，1994年,,,,,,,,,,,,,,,,,,,,,,,,,,,,,,,,,,,,,,,,,,,,,,,,,,
,,,,,,,,,,,,,,,,,,,,,,,,,,,,,,,,,,,,,,,,,,,,,,,,,,,,,
,,,,,,,,,,,,,,,,,,,,,,,,,,,,,,,,,,,,,,,,,,,,,,,,,,,,,
,,,,診斷年齡,口腔癌,,白血病,,肝及肝內膽管,,肺、支氣管及氣管,,後腹膜腔及腹膜,,胃,,,,,喉,,結直腸癌,,膀胱,,,鼻咽,,,,,,,,,,,,,,,,,,,,,,,,,,
,,,,,個案數,發生率,個案數,發生率,個案數,發生率,個案數,發生率,個案數,發生率,個案數,,,,發生率,個案數,發生率,個案數,發生率,個案數,,發生率,個案數,,發生率,,,,,,,,,,,,,,,,,,,,,,,,
,,,,0~4,,,,,,,,,1,96.81,,,,,,,,,,,,,,,,,,,,,,,,,,,,,,,,,,,,,,,
,,,,35~39,,,1,80.91,,,,,,,,,,,,,,,,,,,,,,,,,,,,,,,,,,,,,,,,,,,,,
,,,,40~44,1,98.14,,,,,,,,,,,,,,,,,,,,,,,,,,,,,,,,,,,,,,,,,,,,,,,
,,,,55~59,1,118.48,,,,,1,118.48,,,,,,,,,,,,,,,,,,,,,,,,,,,,,,,,,,,,,,,,,
,,,,60~64,,,,,1,105.93,,,,,,,,,,1,105.93,1,105.93,,,,1,,105.93,,,,,,,,,,,,,,,,,,,,,,,,
,,,,65~69,,,,,1,141.64,1,141.64,,,,,,,,,,,,1,,141.64,,,,,,,,,,,,,,,,,,,,,,,,,,,
,,,,70~74,1,216.92,,,1,216.92,3,650.76,,,,,,,,,,,,,,,,,,,,,,,,,,,,,,,,,,,,,,,,,
,,,,75~79,,,,,,,,,,,2,,,,826.45,,,2,826.45,,,,,,,,,,,,,,,,,,,,,,,,,,,,,,
,,,,,,,,,,,,,,,,,,,,,,,,,,,,,,,,,,,,,,,,,,,,,,,,,,,,,
,,,,,,,,,,,,,,,,,,,,,,,,,,,,,,,,,,,,,,,,,,,,,,,,,,,,,
,,,台灣男性每10萬人口年齡別發生率，1995年,,,,,,,,,,,,,,,,,,,,,,,,,,,,,,,,,,,,,,,,,,,,,,,,,,
,,,,,,,,,,,,,,,,,,,,,,,,,,,,,,,,,,,,,,,,,,,,,,,,,,,,,
,,,,,,,,,,,,,,,,,,,,,,,,,,,,,,,,,,,,,,,,,,,,,,,,,,,,,
,,,,診斷年齡,口腔癌,,不明原發部位,,皮膚,,肝及肝內膽管,,直腸與肛門,,肺、支氣管及氣管,,,,,胃,,食道,,結締組織、皮下組織及其他軟組織,,,腎盂及其他泌尿系統,,,腦,,膀胱,,鼻咽,,攝護腺,,,,,,,,,,,,,,,,,
,,,,,個案數,發生率,個案數,發生率,個案數,發生率,個案數,發生率,個案數,發生率,個案數,,,,發生率,個案數,發生率,個案數,發生率,個案數,,發生率,個案數,,發生率,個案數,發生率,個案數,發生率,個案數,發生率,個案數,發生率,,,,,,,,,,,,,,,,
,,,,0~4,,,,,,,,,,,,,,,,,,,,,,,,,,1,97.09,,,,,,,,,,,,,,,,,,,,,,
,,,,25~29,,,,,,,,,1,68.78,,,,,,,,,,1,,68.78,,,,,,,,,,,,,,,,,,,,,,,,,,,
,,,,30~34,,,,,,,1,64.81,,,,,,,,,,,,,,,,,,,,,,,,,,,,,,,,,,,,,,,,,
,,,,40~44,,,,,,,,,1,95.15,,,,,,,,,,,,,,,,,,,,,,,,,,,,,,,,,,,,,,,
,,,,45~49,,,,,,,1,122.40,,,,,,,,,,,,,,,,,,,,,,1,122.40,,,,,,,,,,,,,,,,,,
,,,,50~54,,,,,,,1,141.24,,,,,,,,,,,,,,,,,,,,,,,,,,,,,,,,,,,,,,,,,
,,,,55~59,,,,,,,1,124.22,,,,,,,,,,,,,,,,,,,,,,1,124.22,,,,,,,,,,,,,,,,,,
,,,,60~64,1,107.53,1,107.53,,,2,215.05,,,,,,,,,,,,,,,,,,,,1,107.53,,,1,107.53,,,,,,,,,,,,,,,,
,,,,65~69,,,,,,,2,250.31,,,1,,,,125.16,,,1,125.16,,,,,,,,,,,,,,,,,,,,,,,,,,,,,,
,,,,70~74,,,1,224.72,1,224.72,2,449.44,,,1,,,,224.72,1,224.72,,,,,,,,,,,1,224.72,,,,,,,,,,,,,,,,,,,,
,,,,75~79,,,,,,,1,395.26,2,790.51,,,,,,,,,,,,,,,,,,,,,,,,,,,,,,,,,,,,,,,
,,,,80~84,,,1,602.41,,,2,1204.82,,,,,,,,,,,,,,,,,,,,,,,,1,602.41,,,,,,,,,,,,,,,,
,,,,85+,,,,,,,,,,,,,,,,,,,,,,,1,,1030.93,,,,,,,,,,,,,,,,,,,,,,,,
,,,,,,,,,,,,,,,,,,,,,,,,,,,,,,,,,,,,,,,,,,,,,,,,,,,,,
,,,,,,,,,,,,,,,,,,,,,,,,,,,,,,,,,,,,,,,,,,,,,,,,,,,,,
,,,台灣男性每10萬人口年齡別發生率，1996年,,,,,,,,,,,,,,,,,,,,,,,,,,,,,,,,,,,,,,,,,,,,,,,,,,
,,,,,,,,,,,,,,,,,,,,,,,,,,,,,,,,,,,,,,,,,,,,,,,,,,,,,
,,,,,,,,,,,,,,,,,,,,,,,,,,,,,,,,,,,,,,,,,,,,,,,,,,,,,
,,,,診斷年齡,口腔癌,,不明原發部位,,肝及肝內膽管,,其他神經系統,,直腸與肛門,,肺、支氣管及氣管,,,,,非何杰金氏淋巴瘤,,胃,,食道,,,胰,,,喉,,結直腸癌,,結締組織、皮下組織及其他軟組織,,腎,,腎盂及其他泌尿系統,,膀胱,,膽囊及肝外膽管,,,,,,,,,,,
,,,,,個案數,發生率,個案數,發生率,個案數,發生率,個案數,發生率,個案數,發生率,個案數,,,,發生率,個案數,發生率,個案數,發生率,個案數,,發生率,個案數,,發生率,個案數,發生率,個案數,發生率,個案數,發生率,個案數,發生率,個案數,發生率,個案數,發生率,個案數,發生率,,,,,,,,,,
,,,,45~49,1,105.37,,,,,,,,,,,,,,,,,,,,,,,,,,1,105.37,,,,,,,,,,,,,,,,,,,,
,,,,50~54,,,,,1,155.28,,,,,,,,,,,,,,,,,,,,,,,,,,,,,,,,,,,,,,,,,,,
,,,,55~59,2,247.83,,,2,247.83,,,,,,,,,,,,,,2,,247.83,,,,,,1,123.92,,,1,123.92,,,,,,,,,,,,,,,,
,,,,60~64,1,112.36,,,2,224.72,1,112.36,,,1,,,,112.36,1,112.36,1,112.36,,,,,,,1,112.36,1,112.36,,,,,,,,,,,,,,,,,,,,
,,,,65~69,1,120.48,1,120.48,2,240.96,,,,,1,,,,120.48,,,,,,,,1,,120.48,,,,,1,120.48,,,1,120.48,,,1,120.48,,,,,,,,,,
,,,,70~74,1,216.92,,,,,,,1,216.92,,,,,,,,1,216.92,1,,216.92,,,,,,,,,,,,,,,,,,,,,,,,,,,
,,,,75~79,,,,,,,,,,,,,,,,,,,,,,,,,,,,,,,,,,,,1,342.47,,,,,,,,,,,,
,,,,80~84,,,,,1,617.28,,,,,,,,,,,,,,,,,,,,,,,,,,,,,,1,617.28,,,,,,,,,,,,
,,,,85+,,,,,,,,,,,,,,,,,,,,,,,,,,,,,,,,,,,,,,1,1190.48,,,,,,,,,,
,,,,,,,,,,,,,,,,,,,,,,,,,,,,,,,,,,,,,,,,,,,,,,,,,,,,,
,,,,,,,,,,,,,,,,,,,,,,,,,,,,,,,,,,,,,,,,,,,,,,,,,,,,,
,,,台灣男性每10萬人口年齡別發生率，1997年,,,,,,,,,,,,,,,,,,,,,,,,,,,,,,,,,,,,,,,,,,,,,,,,,,
,,,,,,,,,,,,,,,,,,,,,,,,,,,,,,,,,,,,,,,,,,,,,,,,,,,,,
,,,,,,,,,,,,,,,,,,,,,,,,,,,,,,,,,,,,,,,,,,,,,,,,,,,,,
,,,,診斷年齡,口腔癌,,白血病,,肝及肝內膽管,,直腸與肛門,,肺、支氣管及氣管,,胃,,,,,食道,,胰,,造血系統及網狀內皮系統,,,結直腸癌,,,腎,,腎盂及其他泌尿系統,,鼻咽,,攝護腺,,,,,,,,,,,,,,,,,
,,,,,個案數,發生率,個案數,發生率,個案數,發生率,個案數,發生率,個案數,發生率,個案數,,,,發生率,個案數,發生率,個案數,發生率,個案數,,發生率,個案數,,發生率,個案數,發生率,個案數,發生率,個案數,發生率,個案數,發生率,,,,,,,,,,,,,,,,
,,,,0~4,,,1,96.34,,,,,,,,,,,,,,,,,,,,,,,,,,,,,,,,,,,,,,,,,,,,,
,,,,25~29,,,1,80.32,,,,,,,,,,,,,,,,,,,,,,,,,,,,,,,,,,,,,,,,,,,,,
,,,,45~49,1,102.04,,,1,102.04,,,1,102.04,,,,,,1,102.04,,,,,,,,,,,,,,,,,,,,,,,,,,,,,,,,
,,,,50~54,,,,,,,,,1,145.77,,,,,,,,,,,,,,,,,,,,1,145.77,,,,,,,,,,,,,,,,,,
,,,,55~59,,,,,,,,,,,,,,,,,,,,,,,,,,1,135.50,1,135.50,,,,,,,,,,,,,,,,,,,,
,,,,60~64,,,,,5,561.17,1,112.23,,,1,,,,112.23,,,,,,,,,,,,,,,,,,,,,,,,,,,,,,,,,,
,,,,65~69,,,,,1,118.06,1,118.06,1,118.06,,,,,,,,2,236.13,1,,118.06,4,,472.26,,,,,,,1,118.06,,,,,,,,,,,,,,,,
,,,,70~74,,,,,1,203.25,2,406.50,1,203.25,,,,,,,,,,,,,,,,,,,,,,,,,,,,,,,,,,,,,,,
,,,,75~79,,,,,,,1,318.47,2,636.94,,,,,,,,1,318.47,,,,,,,,,,,,,1,318.47,,,,,,,,,,,,,,,,
,,,,80~84,,,,,,,1,625.00,,,,,,,,,,,,,,,,,,,,,,,,,,,,,,,,,,,,,,,,,
,,,,,,,,,,,,,,,,,,,,,,,,,,,,,,,,,,,,,,,,,,,,,,,,,,,,,
,,,,,,,,,,,,,,,,,,,,,,,,,,,,,,,,,,,,,,,,,,,,,,,,,,,,,
,,,台灣男性每10萬人口年齡別發生率，1998年,,,,,,,,,,,,,,,,,,,,,,,,,,,,,,,,,,,,,,,,,,,,,,,,,,
,,,,,,,,,,,,,,,,,,,,,,,,,,,,,,,,,,,,,,,,,,,,,,,,,,,,,
,,,,,,,,,,,,,,,,,,,,,,,,,,,,,,,,,,,,,,,,,,,,,,,,,,,,,
,,,,診斷年齡,不明原發部位,,甲狀腺,,肝及肝內膽管,,其它淋巴瘤,,直腸與肛門,,肺、支氣管及氣管,,,,,非何杰金氏淋巴瘤,,胃,,食道,,,胸膜,,,骨、關節及關節軟骨,,造血系統及網狀內皮系統,,喉,,結直腸癌,,結締組織、皮下組織及其他軟組織,,腎盂及其他泌尿系統,,膀胱,,膽囊及肝外膽管,,攝護腺,,,,,,,
,,,,,個案數,發生率,個案數,發生率,個案數,發生率,個案數,發生率,個案數,發生率,個案數,,,,發生率,個案數,發生率,個案數,發生率,個案數,,發生率,個案數,,發生率,個案數,發生率,個案數,發生率,個案數,發生率,個案數,發生率,個案數,發生率,個案數,發生率,個案數,發生率,個案數,發生率,個案數,發生率,,,,,,
,,,,20~24,,,1,87.34,,,,,,,,,,,,,,,,,,,,,,,,,,,,,,,,,,,,,,,,,,,,,
,,,,25~29,,,,,,,,,,,,,,,,,,,,,,,,,,,,1,88.81,,,,,,,,,,,,,,,,,,,,
,,,,30~34,,,,,,,,,1,72.31,,,,,,,,,,,,,,,,,,,,,,1,72.31,1,72.31,,,,,,,,,,,,,,
,,,,35~39,,,,,,,1,72.15,1,72.15,,,,,,,,,,,,,,,,,,,,,,,,,,,,,,,,,,,,,,,
,,,,40~44,,,,,1,83.89,,,,,,,,,,,,,,,,,,,,,,,,,,,,,,,,,,,,,,,,,,,
,,,,45~49,,,,,1,102.67,,,,,,,,,,,,,,1,,102.67,,,,,,,,,,,,,,,,,,,,,,,,,,,
,,,,55~59,,,,,1,134.23,,,,,,,,,,,,1,134.23,1,,134.23,,,,,,,,1,134.23,,,,,,,,,,,,,,,,,,
,,,,60~64,,,,,3,357.14,,,,,1,,,,119.05,,,,,,,,,,,1,119.05,1,119.05,,,1,119.05,,,,,,,,,,,,,,,,
,,,,65~69,,,,,3,350.88,,,,,2,,,,233.92,2,233.92,,,,,,,,,,,,,,,4,467.84,,,,,,,1,116.96,1,116.96,,,,,,
,,,,70~74,1,182.15,,,2,364.30,,,,,1,,,,182.15,,,,,,,,,,,,,,,,,,,,,1,182.15,1,182.15,,,,,,,,,,
,,,,75~79,,,,,,,,,1,305.81,1,,,,305.81,,,,,,,,,,,,,,,,,1,305.81,,,,,1,305.81,,,1,305.81,,,,,,
,,,,80~84,,,,,,,,,1,649.35,1,,,,649.35,,,,,,,,1,,649.35,,,1,649.35,,,,,,,,,,,,,,,,,,,,
,,,,85+,,,,,1,900.90,,,,,,,,,,,,,,,,,,,,,,,,,,,,,,,,,,,,,,,,,,,
,,,,,,,,,,,,,,,,,,,,,,,,,,,,,,,,,,,,,,,,,,,,,,,,,,,,,
,,,,,,,,,,,,,,,,,,,,,,,,,,,,,,,,,,,,,,,,,,,,,,,,,,,,,
,,,台灣男性每10萬人口年齡別發生率，1999年,,,,,,,,,,,,,,,,,,,,,,,,,,,,,,,,,,,,,,,,,,,,,,,,,,
,,,,,,,,,,,,,,,,,,,,,,,,,,,,,,,,,,,,,,,,,,,,,,,,,,,,,
,,,,,,,,,,,,,,,,,,,,,,,,,,,,,,,,,,,,,,,,,,,,,,,,,,,,,
,,,,診斷年齡,口腔癌,,不明原發部位,,甲狀腺,,白血病,,皮膚,,肝及肝內膽管,,,,,其他男性生殖器官,,直腸與肛門,,肺、支氣管及氣管,,,非何杰金氏淋巴瘤,,,胃,,食道,,骨、關節及關節軟骨,,結直腸癌,,腎盂及其他泌尿系統,,腦,,膀胱,,鼻咽,,攝護腺,,,,,,,
,,,,,個案數,發生率,個案數,發生率,個案數,發生率,個案數,發生率,個案數,發生率,個案數,,,,發生率,個案數,發生率,個案數,發生率,個案數,,發生率,個案數,,發生率,個案數,發生率,個案數,發生率,個案數,發生率,個案數,發生率,個案數,發生率,個案數,發生率,個案數,發生率,個案數,發生率,個案數,發生率,,,,,,
,,,,10~14,,,,,,,,,,,,,,,,,,,,,,,,,,,,,,1,132.80,,,,,,,,,,,,,,,,,,
,,,,15~19,,,,,,,1,97.66,,,,,,,,,,,,,,,,,,,,,,,,,,,,,,,,,,,,,,,,,
,,,,25~29,,,,,,,,,,,1,,,,92.00,,,,,,,,,,,,,,,,,,,,,,,,,1,92.00,,,,,,,,
,,,,35~39,,,,,,,,,,,,,,,,,,,,,,,,,,,,1,72.15,,,,,,,,,,,,,,,,,,,,
,,,,40~44,,,,,,,,,,,,,,,,,,,,,,,,,,,,,,,,,,,,1,81.10,,,,,,,,,,,,
,,,,45~49,,,,,1,97.66,,,,,1,,,,97.66,,,,,1,,97.66,,,,,,1,97.66,,,1,97.66,,,1,97.66,,,,,,,,,,,,
,,,,50~54,2,262.12,,,,,,,,,1,,,,131.06,,,,,,,,,,,,,,,,,,,,,,,,,,,,,,,,,,
,,,,55~59,1,136.05,,,,,,,,,,,,,,1,136.05,1,136.05,2,,272.11,,,,,,,,,,,,,,,,,,,,,,,,,,,
,,,,60~64,,,,,,,,,1,124.07,2,,,,248.14,,,,,4,,496.28,,,,1,124.07,,,,,1,124.07,,,,,,,,,,,,,,,,
,,,,65~69,,,,,,,,,,,,,,,,,,3,344.83,1,,114.94,2,,229.89,,,,,,,,,,,,,,,1,114.94,,,,,,,,
,,,,70~74,1,168.63,,,,,,,,,1,,,,168.63,,,,,2,,337.27,,,,2,337.27,,,,,1,168.63,1,168.63,,,1,168.63,,,2,337.27,,,,,,
,,,,75~79,,,1,285.71,,,,,,,2,,,,571.43,,,2,571.43,1,,285.71,,,,1,285.71,,,,,1,285.71,2,571.43,,,,,,,1,285.71,,,,,,
,,,,80~84,,,,,,,,,,,,,,,,,,,,1,,662.25,,,,,,,,,,,,,,,,,,,,1,662.25,,,,,,
,,,,,,,,,,,,,,,,,,,,,,,,,,,,,,,,,,,,,,,,,,,,,,,,,,,,,
,,,,,,,,,,,,,,,,,,,,,,,,,,,,,,,,,,,,,,,,,,,,,,,,,,,,,
,,,台灣男性每10萬人口年齡別發生率，2000年,,,,,,,,,,,,,,,,,,,,,,,,,,,,,,,,,,,,,,,,,,,,,,,,,,
,,,,,,,,,,,,,,,,,,,,,,,,,,,,,,,,,,,,,,,,,,,,,,,,,,,,,
,,,,,,,,,,,,,,,,,,,,,,,,,,,,,,,,,,,,,,,,,,,,,,,,,,,,,
,,,,診斷年齡,口腔癌,,不明原發部位,,肝及肝內膽管,,其他內分泌腺,,直腸與肛門,,肺、支氣管及氣管,,,,,非何杰金氏淋巴瘤,,食道,,胰,,,喉,,,結直腸癌,,結締組織、皮下組織及其他軟組織,,腎,,腦,,膀胱,,鼻咽,,膽囊及肝外膽管,,攝護腺,,,,,,,,,
,,,,,個案數,發生率,個案數,發生率,個案數,發生率,個案數,發生率,個案數,發生率,個案數,,,,發生率,個案數,發生率,個案數,發生率,個案數,,發生率,個案數,,發生率,個案數,發生率,個案數,發生率,個案數,發生率,個案數,發生率,個案數,發生率,個案數,發生率,個案數,發生率,個案數,發生率,,,,,,,,
,,,,0~4,,,,,,,1,113.77,,,,,,,,,,,,,,,,,,,,,,,,,,,,,,,,,,,,,,,,,
,,,,35~39,1,74.07,,,,,,,,,,,,,,,,,,,,,,,,,,,,,,1,74.07,,,,,,,,,,,,,,,,
,,,,40~44,,,,,1,78.86,,,,,1,,,,78.86,,,,,,,,,,,,,,,,,,,,,,,,,,,,,,,,,,
,,,,45~49,1,96.81,,,,,,,,,1,,,,96.81,,,,,,,,,,,,,,,,,,,,,,,,,,,,,,,,,,
,,,,50~54,,,,,,,,,1,122.25,1,,,,122.25,,,,,,,,,,,,,,,,,,,,,,,,,,,,,,,,,,
,,,,55~59,,,,,1,142.45,,,,,2,,,,284.90,,,,,,,,,,,,,,,,,,,,,,,,,,,,,,,,,,
,,,,60~64,1,128.53,,,1,128.53,,,,,,,,,,,,1,128.53,1,,128.53,,,,,,1,128.53,,,,,,,1,128.53,,,,,,,,,,,,
,,,,65~69,,,1,117.51,,,,,,,2,,,,235.02,1,117.51,1,117.51,,,,1,,117.51,,,,,1,117.51,,,,,,,,,1,117.51,,,,,,,,
,,,,70~74,,,,,1,145.56,,,1,145.56,1,,,,145.56,,,,,,,,,,,,,,,,,,,,,,,,,,,,,,,,,,
,,,,75~79,,,,,,,,,,,2,,,,602.41,,,,,,,,,,,,,,,,,,,1,301.20,,,,,,,,,,,,,,
,,,,80~84,,,,,,,,,,,1,,,,628.93,,,,,,,,,,,,,,,,,,,1,628.93,,,,,,,,,,,,,,
,,,,85+,,,,,,,,,,,,,,,,,,,,,,,,,,1,952.38,,,,,,,1,952.38,,,1,952.38,,,,,,,,,,
,,,,,,,,,,,,,,,,,,,,,,,,,,,,,,,,,,,,,,,,,,,,,,,,,,,,,
,,,,,,,,,,,,,,,,,,,,,,,,,,,,,,,,,,,,,,,,,,,,,,,,,,,,,
,,,台灣男性每10萬人口年齡別發生率，2001年,,,,,,,,,,,,,,,,,,,,,,,,,,,,,,,,,,,,,,,,,,,,,,,,,,
,,,,,,,,,,,,,,,,,,,,,,,,,,,,,,,,,,,,,,,,,,,,,,,,,,,,,
,,,,,,,,,,,,,,,,,,,,,,,,,,,,,,,,,,,,,,,,,,,,,,,,,,,,,
,,,,診斷年齡,口腔癌,,不明原發部位,,白血病,,皮膚,,肝及肝內膽管,,其他男性生殖器官,,,,,其他神經系統,,其它淋巴瘤,,直腸與肛門,,,肺、支氣管及氣管,,,非何杰金氏淋巴瘤,,胃,,胰,,胸腺、心臟與中隔,,結直腸癌,,腎,,膀胱,,,,,,,,,,,
,,,,,個案數,發生率,個案數,發生率,個案數,發生率,個案數,發生率,個案數,發生率,個案數,,,,發生率,個案數,發生率,個案數,發生率,個案數,,發生率,個案數,,發生率,個案數,發生率,個案數,發生率,個案數,發生率,個案數,發生率,個案數,發生率,個案數,發生率,個案數,發生率,,,,,,,,,,
,,,,5~9,,,,,1,142.86,,,,,,,,,,,,,,,,,,,,,,,,,,,,,,,,,,,,,,,,,,,
,,,,30~34,,,,,,,,,1,87.49,,,,,,,,,,,,,,,,,,,,,,,,,,,,,,,,,,,,,,,
,,,,45~49,2,189.93,,,,,,,,,1,,,,94.97,,,,,,,,,,,1,94.97,,,,,,,,,,,,,,,,,,,,,,
,,,,50~54,,,,,,,,,1,108.46,,,,,,,,1,108.46,,,,1,,108.46,,,,,1,108.46,1,108.46,1,108.46,,,,,,,,,,,,,,
,,,,55~59,,,,,,,1,156.49,1,156.49,,,,,,,,,,,,,2,,312.99,,,,,,,,,,,,,1,156.49,,,,,,,,,,
,,,,60~64,,,,,,,,,3,384.62,,,,,,,,,,,,,1,,128.21,,,1,128.21,,,,,,,,,,,,,,,,,,,,
,,,,65~69,,,,,,,1,120.48,1,120.48,,,,,,,,,,2,,240.96,1,,120.48,,,1,120.48,,,,,,,1,120.48,,,,,,,,,,,,
,,,,70~74,1,138.70,1,138.70,,,1,138.70,1,138.70,,,,,,1,138.70,,,1,,138.70,1,,138.70,,,,,,,,,,,,,,,,,,,,,,,,
,,,,75~79,,,,,,,,,2,563.38,,,,,,,,,,,,,2,,563.38,,,,,,,,,,,,,,,,,,,,,,,,
,,,,80~84,,,,,,,,,,,,,,,,,,,,,,,1,,537.63,,,,,,,1,537.63,,,,,,,,,,,,,,,,
,,,,85+,,,,,,,1,1052.63,1,1052.63,,,,,,,,,,,,,,,,,,,,,,,,,,,,,,,,,,,,,,,
,,,,,,,,,,,,,,,,,,,,,,,,,,,,,,,,,,,,,,,,,,,,,,,,,,,,,
,,,,,,,,,,,,,,,,,,,,,,,,,,,,,,,,,,,,,,,,,,,,,,,,,,,,,
,,,台灣男性每10萬人口年齡別發生率，2002年,,,,,,,,,,,,,,,,,,,,,,,,,,,,,,,,,,,,,,,,,,,,,,,,,,
,,,,,,,,,,,,,,,,,,,,,,,,,,,,,,,,,,,,,,,,,,,,,,,,,,,,,
,,,,,,,,,,,,,,,,,,,,,,,,,,,,,,,,,,,,,,,,,,,,,,,,,,,,,
,,,,診斷年齡,口腔癌,,不明原發部位,,甲狀腺,,白血病,,皮膚,,肝及肝內膽管,,,,,其它淋巴瘤,,直腸與肛門,,肺、支氣管及氣管,,,非何杰金氏淋巴瘤,,,胃,,胰,,造血系統及網狀內皮系統,,喉,,結直腸癌,,腦,,膀胱,,鼻咽,,膽囊及肝外膽管,,攝護腺,,,,,
,,,,,個案數,發生率,個案數,發生率,個案數,發生率,個案數,發生率,個案數,發生率,個案數,,,,發生率,個案數,發生率,個案數,發生率,個案數,,發生率,個案數,,發生率,個案數,發生率,個案數,發生率,個案數,發生率,個案數,發生率,個案數,發生率,個案數,發生率,個案數,發生率,個案數,發生率,個案數,發生率,個案數,發生率,,,,
,,,,20~24,,,,,,,,,,,,,,,,,,,,,,,1,,93.90,,,,,,,,,,,,,,,,,,,,,,,,
,,,,25~29,,,,,1,95.88,,,,,,,,,,,,,,,,,,,,,,,,,,,,,,,,,,,,,,,,,,,
,,,,35~39,,,,,1,80.32,,,,,3,,,,240.96,,,,,,,,,,,,,,,,,,,,,,,,,,,,,,,,,,
,,,,40~44,,,,,,,,,,,,,,,,1,75.19,,,,,,,,,,,1,75.19,,,,,,,,,,,1,75.19,,,,,,,,
,,,,45~49,1,90.58,,,,,,,,,2,,,,181.16,,,,,,,,,,,,,,,,,,,,,,,,,,,,,,,,,,
,,,,50~54,,,,,,,,,,,1,,,,105.37,,,1,105.37,,,,,,,,,,,,,,,,,,,,,1,105.37,,,,,,,,
,,,,55~59,2,302.57,1,151.29,,,,,1,151.29,,,,,,,,,,,,,,,,1,151.29,,,,,,,,,,,,,,,,,1,151.29,,,,
,,,,60~64,1,138.31,,,,,,,,,2,,,,276.63,,,,,,,,,,,,,1,138.31,,,,,1,138.31,,,,,,,,,,,,,,
,,,,65~69,,,,,,,1,120.77,1,120.77,2,,,,241.55,,,3,362.32,3,,362.32,,,,,,,,,,,,,,1,120.77,,,,,,,2,241.55,,,,
,,,,70~74,,,,,,,,,,,3,,,,407.06,,,,,,,,1,,135.69,,,1,135.69,,,1,135.69,1,135.69,,,,,,,1,135.69,1,135.69,,,,
,,,,75~79,,,,,,,,,,,2,,,,516.80,,,,,,,,,,,,,,,1,258.40,,,,,,,,,,,,,,,,,,
,,,,80~84,,,,,,,,,1,526.32,,,,,,,,,,1,,526.32,,,,,,,,,,,,,,,,,,,,,,1,526.32,,,,
,,,,85+,,,,,,,,,1,892.86,1,,,,892.86,,,,,,,,,,,,,,,,,,,,,,,1,892.86,,,,,,,,,,
,,,,,,,,,,,,,,,,,,,,,,,,,,,,,,,,,,,,,,,,,,,,,,,,,,,,,
,,,,,,,,,,,,,,,,,,,,,,,,,,,,,,,,,,,,,,,,,,,,,,,,,,,,,
,,,台灣男性每10萬人口年齡別發生率，2003年,,,,,,,,,,,,,,,,,,,,,,,,,,,,,,,,,,,,,,,,,,,,,,,,,,
,,,,,,,,,,,,,,,,,,,,,,,,,,,,,,,,,,,,,,,,,,,,,,,,,,,,,
,,,,,,,,,,,,,,,,,,,,,,,,,,,,,,,,,,,,,,,,,,,,,,,,,,,,,
,,,,診斷年齡,口腔癌,,白血病,,皮膚,,肝及肝內膽管,,直腸與肛門,,肺、支氣管及氣管,,,,,非何杰金氏淋巴瘤,,胃,,食道,,,胰,,,結直腸癌,,腎盂及其他泌尿系統,,膀胱,,鼻咽,,攝護腺,,,,,,,,,,,,,,,
,,,,,個案數,發生率,個案數,發生率,個案數,發生率,個案數,發生率,個案數,發生率,個案數,,,,發生率,個案數,發生率,個案數,發生率,個案數,,發生率,個案數,,發生率,個案數,發生率,個案數,發生率,個案數,發生率,個案數,發生率,個案數,發生率,,,,,,,,,,,,,,
,,,,20~24,,,,,,,,,,,,,,,,,,,,,,,,,,,,,,,,1,96.99,,,,,,,,,,,,,,,,
,,,,30~34,,,,,,,,,1,108.11,,,,,,,,,,,,,,,,,,,,,,,,,,,,,,,,,,,,,,,
,,,,35~39,,,,,,,1,82.71,,,,,,,,,,,,,,,,,,,,,,,,,,,,,,,,,,,,,,,,,
,,,,40~44,2,149.48,,,,,,,1,74.74,,,,,,,,,,,,,,,,,,,,,,1,74.74,,,,,,,,,,,,,,,,
,,,,45~49,2,173.91,,,,,1,86.96,2,173.91,,,,,,,,,,,,,,,,,,,,,,,,,,,,,,,,,,,,,,,
,,,,50~54,,,,,,,1,104.49,1,104.49,1,,,,104.49,,,,,,,,,,,1,104.49,,,,,,,,,,,,,,,,,,,,,,
,,,,55~59,1,139.47,,,,,,,,,2,,,,278.94,,,,,,,,,,,,,,,1,139.47,,,,,,,,,,,,,,,,,,
,,,,60~64,2,275.10,,,,,2,275.10,1,137.55,1,,,,137.55,1,137.55,1,137.55,,,,,,,1,137.55,1,137.55,,,,,,,,,,,,,,,,,,,,
,,,,65~69,1,127.88,,,,,1,127.88,1,127.88,,,,,,1,127.88,,,,,,,,,,,,,,,1,127.88,1,127.88,,,,,,,,,,,,,,
,,,,70~74,1,133.69,2,267.38,1,133.69,3,401.07,1,133.69,1,,,,133.69,,,,,1,,133.69,,,,,,,,,,1,133.69,1,133.69,,,,,,,,,,,,,,
,,,,75~79,1,232.02,1,232.02,,,3,696.06,,,2,,,,464.04,,,1,232.02,,,,1,,232.02,2,464.04,,,,,,,,,,,,,,,,,,,,,,
,,,,80~84,1,483.09,,,1,483.09,,,,,,,,,,,,2,966.18,,,,,,,,,,,,,,,,,,,,,,,,,,,,,,
,,,,85+,,,,,,,,,,,1,,,,900.90,,,,,,,,,,,,,,,,,,,1,900.90,,,,,,,,,,,,,,
,,,,,,,,,,,,,,,,,,,,,,,,,,,,,,,,,,,,,,,,,,,,,,,,,,,,,
,,,,,,,,,,,,,,,,,,,,,,,,,,,,,,,,,,,,,,,,,,,,,,,,,,,,,
,,,台灣男性每10萬人口年齡別發生率，2004年,,,,,,,,,,,,,,,,,,,,,,,,,,,,,,,,,,,,,,,,,,,,,,,,,,
,,,,,,,,,,,,,,,,,,,,,,,,,,,,,,,,,,,,,,,,,,,,,,,,,,,,,
,,,,,,,,,,,,,,,,,,,,,,,,,,,,,,,,,,,,,,,,,,,,,,,,,,,,,
,,,,診斷年齡,口腔癌,,甲狀腺,,白血病,,皮膚,,肝及肝內膽管,,直腸與肛門,,,,,肺、支氣管及氣管,,胃,,食道,,,眼及淚腺,,,造血系統及網狀內皮系統,,結直腸癌,,腎,,腎盂及其他泌尿系統,,膽囊及肝外膽管,,攝護腺,,,,,,,,,,,,,
,,,,,個案數,發生率,個案數,發生率,個案數,發生率,個案數,發生率,個案數,發生率,個案數,,,,發生率,個案數,發生率,個案數,發生率,個案數,,發生率,個案數,,發生率,個案數,發生率,個案數,發生率,個案數,發生率,個案數,發生率,個案數,發生率,個案數,發生率,,,,,,,,,,,,
,,,,25~29,,,,,,,,,1,92.76,,,,,,,,,,,,,,,,,,1,92.76,,,,,,,,,,,,,,,,,,,,
,,,,35~39,,,1,86.96,,,,,,,,,,,,,,,,,,,,,,,,,,,,,,,,,,,,,,,,,,,,,
,,,,40~44,,,,,,,,,2,156.86,,,,,,,,,,,,,,,,,,,,,,,,,,,,,,,,,,,,,,,
,,,,45~49,1,83.47,,,,,,,1,83.47,,,,,,1,83.47,,,1,,83.47,,,,,,,,,,,,,,,,,,,,,,,,,,,
,,,,50~54,4,395.26,,,,,,,3,296.44,1,,,,98.81,,,,,,,,,,,,,1,98.81,1,98.81,,,,,,,,,,,,,,,,,,
,,,,55~59,,,,,,,1,136.43,1,136.43,,,,,,,,,,,,,,,,,,,,,,,,,,,,,,,,,,,,,,,
,,,,60~64,1,137.74,,,,,,,,,2,,,,275.48,2,275.48,,,,,,,,,,,,,,,1,137.74,,,,,,,,,,,,,,,,
,,,,65~69,1,134.77,,,,,,,2,269.54,1,,,,134.77,,,,,1,,134.77,,,,1,134.77,1,134.77,,,,,,,2,269.54,,,,,,,,,,,,
,,,,70~74,,,,,,,,,5,652.74,2,,,,261.10,4,522.19,,,,,,,,,,,3,391.64,,,,,1,130.55,1,130.55,,,,,,,,,,,,
,,,,75~79,,,,,3,646.55,,,3,646.55,1,,,,215.52,,,,,,,,,,,,,1,215.52,2,431.03,,,,,1,215.52,,,,,,,,,,,,
,,,,80~84,,,,,,,,,3,1321.59,,,,,,,,,,1,,440.53,1,,440.53,,,,,,,,,,,,,,,,,,,,,,,,
,,,,85+,,,,,,,1,877.19,,,3,,,,2631.58,1,877.19,1,877.19,,,,,,,,,2,1754.39,,,,,,,,,,,,,,,,,,,,
,,,,,,,,,,,,,,,,,,,,,,,,,,,,,,,,,,,,,,,,,,,,,,,,,,,,,
,,,,,,,,,,,,,,,,,,,,,,,,,,,,,,,,,,,,,,,,,,,,,,,,,,,,,
,,,台灣男性每10萬人口年齡別發生率，2005年,,,,,,,,,,,,,,,,,,,,,,,,,,,,,,,,,,,,,,,,,,,,,,,,,,
,,,,,,,,,,,,,,,,,,,,,,,,,,,,,,,,,,,,,,,,,,,,,,,,,,,,,
,,,,,,,,,,,,,,,,,,,,,,,,,,,,,,,,,,,,,,,,,,,,,,,,,,,,,
,,,,診斷年齡,口腔癌,,不明原發部位,,白血病,,皮膚,,肝及肝內膽管,,其他男性生殖器官,,,,,直腸與肛門,,肺、支氣管及氣管,,胃,,,食道,,,胰,,結直腸癌,,腎,,腎盂及其他泌尿系統,,睪丸,,腦,,膀胱,,鼻咽,,攝護腺,,,,,,,
,,,,,個案數,發生率,個案數,發生率,個案數,發生率,個案數,發生率,個案數,發生率,個案數,,,,發生率,個案數,發生率,個案數,發生率,個案數,,發生率,個案數,,發生率,個案數,發生率,個案數,發生率,個案數,發生率,個案數,發生率,個案數,發生率,個案數,發生率,個案數,發生率,個案數,發生率,個案數,發生率,,,,,,
,,,,20~24,,,,,1,100.20,,,,,,,,,,,,,,,,,,,,,,,,,,,,1,100.20,,,,,,,,,,,,,,
,,,,30~34,,,,,,,,,1,115.74,,,,,,,,,,,,,,,,,,,,,,,,,,,,,,,,,,,,,,,
,,,,35~39,,,,,,,1,92.85,1,92.85,,,,,,,,,,,,,,,,,,,,,,,,,,,,1,92.85,,,,,,,,,,
,,,,40~44,,,,,,,1,79.49,,,,,,,,,,1,79.49,,,,,,,,,,,,,,,,,,,,,,,,,,,,,,
,,,,45~49,1,82.24,,,,,,,3,246.71,,,,,,,,,,,,,,,,,,,,,,,,,,,,,,,,,,,,,,,
,,,,50~54,1,97.75,,,,,,,2,195.50,,,,,,1,97.75,,,,,,1,,97.75,,,,,,,,,,,1,97.75,,,,,,,,,,,,
,,,,55~59,1,125.47,,,1,125.47,,,2,250.94,,,,,,,,,,,,,,,,,,1,125.47,,,1,125.47,,,,,,,,,,,,,,,,
,,,,60~64,2,286.94,,,,,,,3,430.42,,,,,,2,286.94,,,,,,,,,,,1,143.47,,,,,,,,,,,1,143.47,,,,,,,,
,,,,65~69,,,1,140.65,,,,,3,421.94,,,,,,,,2,281.29,1,,140.65,,,,,,1,140.65,,,1,140.65,,,,,,,,,,,,,,,,
,,,,70~74,1,133.16,,,,,2,266.31,1,133.16,,,,,,,,2,266.31,,,,,,,1,133.16,1,133.16,,,,,,,,,,,,,,,,,,,,
,,,,75~79,1,184.50,,,,,1,184.50,1,184.50,1,,,,184.50,1,184.50,3,553.51,,,,,,,,,,,,,,,,,,,1,184.50,,,1,184.50,,,,,,
,,,,80~84,,,,,,,,,1,460.83,,,,,,,,2,921.66,,,,,,,,,1,460.83,,,,,,,,,,,,,1,460.83,,,,,,
,,,,85+,,,,,,,,,,,,,,,,,,,,,,,,,,,,,,1,877.19,,,,,,,,,,,,,,,,,,
,,,,,,,,,,,,,,,,,,,,,,,,,,,,,,,,,,,,,,,,,,,,,,,,,,,,,
,,,,,,,,,,,,,,,,,,,,,,,,,,,,,,,,,,,,,,,,,,,,,,,,,,,,,
,,,台灣男性每10萬人口年齡別發生率，2006年,,,,,,,,,,,,,,,,,,,,,,,,,,,,,,,,,,,,,,,,,,,,,,,,,,
,,,,,,,,,,,,,,,,,,,,,,,,,,,,,,,,,,,,,,,,,,,,,,,,,,,,,
,,,,,,,,,,,,,,,,,,,,,,,,,,,,,,,,,,,,,,,,,,,,,,,,,,,,,
,,,,診斷年齡,口腔癌,,小腸,,甲狀腺,,男性乳房,,肝及肝內膽管,,直腸與肛門,,,,,肺、支氣管及氣管,,胃,,食道,,,胰,,,結直腸癌,,腎盂及其他泌尿系統,,腦,,膀胱,,鼻咽,,膽囊及肝外膽管,,攝護腺,,,,,,,,,,,
,,,,,個案數,發生率,個案數,發生率,個案數,發生率,個案數,發生率,個案數,發生率,個案數,,,,發生率,個案數,發生率,個案數,發生率,個案數,,發生率,個案數,,發生率,個案數,發生率,個案數,發生率,個案數,發生率,個案數,發生率,個案數,發生率,個案數,發生率,個案數,發生率,,,,,,,,,,
,,,,35~39,,,,,,,,,2,196.85,1,,,,98.43,,,,,,,,,,,,,,,,,,,,,,,,,,,,,,,,,,
,,,,40~44,1,83.33,,,1,83.33,,,2,166.67,,,,,,1,83.33,,,,,,,,,,,,,,,,,,,,,,,,,,,,,,,,
,,,,45~49,2,159.87,1,79.94,,,,,1,79.94,1,,,,79.94,,,,,1,,79.94,,,,,,,,,,1,79.94,,,,,,,,,,,,,,,,
,,,,50~54,2,191.39,,,,,,,1,95.69,,,,,,,,,,,,,,,,2,191.39,,,,,,,,,,,1,95.69,,,,,,,,,,
,,,,55~59,,,,,,,,,3,327.87,,,,,,,,,,2,,218.58,,,,2,218.58,,,,,,,1,109.29,,,,,,,,,,,,,,
,,,,60~64,2,315.46,,,,,1,157.73,1,157.73,,,,,,1,157.73,,,,,,1,,157.73,,,1,157.73,,,,,,,,,,,,,,,,,,,,
,,,,65~69,1,138.50,,,,,,,2,277.01,2,,,,277.01,,,,,,,,,,,2,277.01,2,277.01,,,,,,,1,138.50,,,,,,,,,,,,
,,,,70~74,,,,,,,,,4,555.56,2,,,,277.78,6,833.33,3,416.67,,,,,,,3,416.67,,,1,138.89,1,138.89,,,,,2,277.78,,,,,,,,,,
,,,,75~79,,,,,,,,,4,710.48,1,,,,177.62,1,177.62,,,,,,,,,2,355.24,,,,,1,177.62,,,,,,,,,,,,,,,,
,,,,80~84,,,,,,,,,1,406.50,1,,,,406.50,3,1219.51,,,,,,,,,,,,,,,,,,,,,1,406.50,,,,,,,,,,
,,,,85+,,,,,,,,,1,746.27,,,,,,,,,,,,,,,,1,746.27,,,,,,,,,,,,,,,,,,,,,,
,,,,,,,,,,,,,,,,,,,,,,,,,,,,,,,,,,,,,,,,,,,,,,,,,,,,,
,,,,,,,,,,,,,,,,,,,,,,,,,,,,,,,,,,,,,,,,,,,,,,,,,,,,,
,,,台灣男性每10萬人口年齡別發生率，2007年,,,,,,,,,,,,,,,,,,,,,,,,,,,,,,,,,,,,,,,,,,,,,,,,,,
,,,,,,,,,,,,,,,,,,,,,,,,,,,,,,,,,,,,,,,,,,,,,,,,,,,,,
,,,,,,,,,,,,,,,,,,,,,,,,,,,,,,,,,,,,,,,,,,,,,,,,,,,,,
,,,,診斷年齡,口腔癌,,不明原發部位,,主唾液腺,,白血病,,皮膚,,肝及肝內膽管,,,,,其他內分泌腺,,直腸與肛門,,肺、支氣管及氣管,,,非何杰金氏淋巴瘤,,,胃,,食道,,消化器官其他分界不明部位,,造血系統及網狀內皮系統,,喉,,結直腸癌,,腎,,腎盂及其他泌尿系統,,膀胱,,鼻咽,,膽囊及肝外膽管,,攝護腺,
,,,,,個案數,發生率,個案數,發生率,個案數,發生率,個案數,發生率,個案數,發生率,個案數,,,,發生率,個案數,發生率,個案數,發生率,個案數,,發生率,個案數,,發生率,個案數,發生率,個案數,發生率,個案數,發生率,個案數,發生率,個案數,發生率,個案數,發生率,個案數,發生率,個案數,發生率,個案數,發生率,個案數,發生率,個案數,發生率,個案數,發生率
,,,,20~24,,,,,,,,,,,1,,,,109.77,,,,,,,,,,,,,,,,,,,,,,,,,,,,,,,,,,
,,,,30~34,,,,,,,,,,,,,,,,,,,,,,,,,,,,,,,,,,,,1,109.65,,,,,,,,,,,,
,,,,35~39,1,107.07,,,1,107.07,,,,,,,,,,,,,,,,,,,,,,,,,,,,,,,,,,,,,,,,,,,
,,,,40~44,1,86.28,,,,,,,,,,,,,,,,1,86.28,,,,,,,1,86.28,,,1,86.28,,,,,1,86.28,,,,,,,,,,,,
,,,,45~49,,,,,,,,,,,1,,,,79.30,,,,,,,,,,,,,,,,,,,,,,,,,,,,,,,,,,
,,,,50~54,,,,,,,,,,,1,,,,92.08,,,,,,,,,,,,,1,92.08,,,,,,,,,,,,,,,1,92.08,,,,
,,,,55~59,3,313.15,,,1,104.38,,,,,2,,,,208.77,,,,,1,,104.38,1,,104.38,,,,,,,,,,,,,,,,,,,,,,,,
,,,,60~64,1,151.98,,,,,,,,,1,,,,151.98,,,1,151.98,1,,151.98,1,,151.98,1,151.98,1,151.98,,,,,,,,,1,151.98,,,,,,,,,,
,,,,65~69,,,1,148.37,,,,,,,3,,,,445.10,,,2,296.74,1,,148.37,,,,1,148.37,,,,,,,,,3,445.10,,,,,,,,,,,2,296.74
,,,,70~74,,,,,,,,,1,139.47,,,,,,,,1,139.47,2,,278.94,,,,,,,,,,,,,,2,278.94,,,1,139.47,1,139.47,,,2,278.94,1,139.47
,,,,75~79,1,170.65,,,,,1,170.65,,,2,,,,341.30,1,170.65,,,1,,170.65,,,,2,341.30,,,,,1,170.65,1,170.65,1,170.65,,,1,170.65,2,341.30,,,,,,
,,,,80~84,,,,,,,1,363.64,,,,,,,,,,,,,,,,,,,,,,,,,,,,,,,,,,,,,,,,1,363.64
,,,,85+,,,,,,,,,,,1,,,,662.25,,,1,662.25,1,,662.25,,,,,,,,,,,,,,,,,,,,,,,,,,,
,,,,,,,,,,,,,,,,,,,,,,,,,,,,,,,,,,,,,,,,,,,,,,,,,,,,,
,,,,,,,,,,,,,,,,,,,,,,,,,,,,,,,,,,,,,,,,,,,,,,,,,,,,,
,,,台灣男性每10萬人口年齡別發生率，2008年,,,,,,,,,,,,,,,,,,,,,,,,,,,,,,,,,,,,,,,,,,,,,,,,,,
,,,,,,,,,,,,,,,,,,,,,,,,,,,,,,,,,,,,,,,,,,,,,,,,,,,,,
,,,,,,,,,,,,,,,,,,,,,,,,,,,,,,,,,,,,,,,,,,,,,,,,,,,,,
,,,,診斷年齡,口腔癌,,不明原發部位,,甲狀腺,,白血病,,皮膚,,男性乳房,,,,,肝及肝內膽管,,其他神經系統,,直腸與肛門,,,肺、支氣管及氣管,,,非何杰金氏淋巴瘤,,胃,,食道,,胰,,喉,,結直腸癌,,膀胱,,鼻咽,,膽囊及肝外膽管,,攝護腺,,,,,
,,,,,個案數,發生率,個案數,發生率,個案數,發生率,個案數,發生率,個案數,發生率,個案數,,,,發生率,個案數,發生率,個案數,發生率,個案數,,發生率,個案數,,發生率,個案數,發生率,個案數,發生率,個案數,發生率,個案數,發生率,個案數,發生率,個案數,發生率,個案數,發生率,個案數,發生率,個案數,發生率,個案數,發生率,,,,
,,,,35~39,,,,,,,,,,,,,,,,,,,,,,,2,,238.38,,,,,,,,,,,,,,,1,119.19,,,,,,,,
,,,,40~44,,,,,,,,,,,,,,,,2,176.83,,,,,,,,,,,,,,,,,,,,,,,,,,,,,,,,
,,,,45~49,1,78.37,,,,,,,,,,,,,,3,235.11,,,,,,,,,,,,,1,78.37,,,,,,,,,,,,,,,,,,
,,,,50~54,3,265.96,,,1,88.65,1,88.65,1,88.65,,,,,,,,,,,,,,,,,,,,,,,,,,,,,,,,,,,,,,,
,,,,55~59,,,,,,,,,,,,,,,,2,207.90,,,1,,103.95,1,,103.95,,,1,103.95,,,,,,,2,207.90,,,,,,,,,,,,
,,,,60~64,,,,,,,,,,,,,,,,5,701.26,,,2,,280.50,,,,,,,,,,,,,,1,140.25,,,,,,,1,140.25,,,,
,,,,65~69,1,144.51,1,144.51,,,,,1,144.51,,,,,,1,144.51,,,1,,144.51,,,,,,,,,,,,1,144.51,3,433.53,1,144.51,,,,,,,,,,
,,,,70~74,,,,,,,,,1,147.93,,,,,,1,147.93,1,147.93,1,,147.93,4,,591.72,1,147.93,,,,,,,,,,,,,,,,,1,147.93,,,,
,,,,75~79,,,,,1,166.67,,,,,,,,,,1,166.67,,,3,,500.00,4,,666.67,1,166.67,2,333.33,,,,,,,1,166.67,2,333.33,,,,,2,333.33,,,,
,,,,80~84,,,,,,,,,1,318.47,1,,,,318.47,,,,,1,,318.47,,,,,,1,318.47,1,318.47,1,318.47,,,,,3,955.41,,,,,3,955.41,,,,
,,,,85+,,,,,,,,,1,621.12,,,,,,1,621.12,,,,,,,,,,,,,,,,,,,,,,,,,1,621.12,,,,,,
,,,,,,,,,,,,,,,,,,,,,,,,,,,,,,,,,,,,,,,,,,,,,,,,,,,,,
,,,,,,,,,,,,,,,,,,,,,,,,,,,,,,,,,,,,,,,,,,,,,,,,,,,,,
,,,台灣男性每10萬人口年齡別發生率，2009年,,,,,,,,,,,,,,,,,,,,,,,,,,,,,,,,,,,,,,,,,,,,,,,,,,
,,,,,,,,,,,,,,,,,,,,,,,,,,,,,,,,,,,,,,,,,,,,,,,,,,,,,
,,,,,,,,,,,,,,,,,,,,,,,,,,,,,,,,,,,,,,,,,,,,,,,,,,,,,
,,,,診斷年齡,口腔癌,,不明原發部位,,甲狀腺,,白血病,,皮膚,,肝及肝內膽管,,,,,直腸與肛門,,肺、支氣管及氣管,,非何杰金氏淋巴瘤,,,胃,,,食道,,胰,,骨、關節及關節軟骨,,喉,,結直腸癌,,腎,,腎盂及其他泌尿系統,,膀胱,,鼻咽,,膽囊及肝外膽管,,攝護腺,,,
,,,,,個案數,發生率,個案數,發生率,個案數,發生率,個案數,發生率,個案數,發生率,個案數,,,,發生率,個案數,發生率,個案數,發生率,個案數,,發生率,個案數,,發生率,個案數,發生率,個案數,發生率,個案數,發生率,個案數,發生率,個案數,發生率,個案數,發生率,個案數,發生率,個案數,發生率,個案數,發生率,個案數,發生率,個案數,發生率,,
,,,,35~39,1,123.61,,,,,,,,,,,,,,,,,,,,,,,,,,,,,,,,,,,,,,,,,,,,,,,
,,,,40~44,,,,,,,,,,,1,,,,92.85,,,,,,,,,,,,,,,,,,,,,,,,,,,,,,,,,,
,,,,45~49,2,159.11,,,,,,,,,1,,,,79.55,,,,,,,,,,,,,,,,,,,,,,,,,,,,,,,,,,
,,,,50~54,1,86.73,,,,,,,,,5,,,,433.65,,,2,173.46,,,,,,,2,173.46,,,,,,,,,,,,,,,1,86.73,,,,,,
,,,,55~59,1,97.75,,,,,1,97.75,,,2,,,,195.50,,,,,,,,,,,1,97.75,,,,,1,97.75,,,,,,,,,,,,,1,97.75,,
,,,,60~64,,,,,,,,,,,2,,,,272.85,,,,,1,,136.43,,,,,,,,,,,,,,1,136.43,,,,,,,,,,,,
,,,,65~69,3,438.60,,,1,146.20,,,,,2,,,,292.40,1,146.20,3,438.60,,,,,,,,,,,,,,,1,146.20,,,,,,,,,,,2,292.40,,
,,,,70~74,,,2,307.69,,,,,,,2,,,,307.69,,,3,461.54,,,,,,,,,,,,,,,1,153.85,1,153.85,,,1,153.85,,,,,,,,
,,,,75~79,,,,,,,,,1,159.49,3,,,,478.47,,,1,159.49,1,,159.49,,,,,,,,,,,,2,318.98,,,1,159.49,2,318.98,,,,,2,318.98,,
,,,,80~84,,,,,,,1,300.30,,,,,,,,,,5,1501.50,,,,,,,,,,,1,300.30,,,2,600.60,,,,,,,,,1,300.30,2,600.60,,
,,,,85+,,,,,,,,,,,,,,,,,,,,,,,1,,602.41,,,1,602.41,,,,,1,602.41,,,,,,,,,,,1,602.41,,
,,,,,,,,,,,,,,,,,,,,,,,,,,,,,,,,,,,,,,,,,,,,,,,,,,,,,
,,,,,,,,,,,,,,,,,,,,,,,,,,,,,,,,,,,,,,,,,,,,,,,,,,,,,
,,,台灣男性每10萬人口年齡別發生率，2010年,,,,,,,,,,,,,,,,,,,,,,,,,,,,,,,,,,,,,,,,,,,,,,,,,,
,,,,,,,,,,,,,,,,,,,,,,,,,,,,,,,,,,,,,,,,,,,,,,,,,,,,,
,,,,,,,,,,,,,,,,,,,,,,,,,,,,,,,,,,,,,,,,,,,,,,,,,,,,,
,,,,診斷年齡,口腔癌,,小腸,,白血病,,皮膚,,肝及肝內膽管,,直腸與肛門,,,,,肺、支氣管及氣管,,非何杰金氏淋巴瘤,,胃,,,食道,,,胰,,胸膜,,骨、關節及關節軟骨,,結直腸癌,,腎,,膀胱,,膽囊及肝外膽管,,攝護腺,,,,,,,,,
,,,,,個案數,發生率,個案數,發生率,個案數,發生率,個案數,發生率,個案數,發生率,個案數,,,,發生率,個案數,發生率,個案數,發生率,個案數,,發生率,個案數,,發生率,個案數,發生率,個案數,發生率,個案數,發生率,個案數,發生率,個案數,發生率,個案數,發生率,個案數,發生率,個案數,發生率,,,,,,,,
,,,,15~19,,,,,,,,,,,,,,,,,,,,,,,,,,,,,,1,130.21,,,,,,,,,,,,,,,,,,
,,,,35~39,1,128.87,,,,,,,,,,,,,,,,,,,,,1,,128.87,,,,,,,,,,,,,,,,,,,,,,,,
,,,,40~44,,,,,,,,,,,,,,,,,,,,,,,,,,,,,,,,1,97.75,,,,,,,,,,,,,,,,
,,,,45~49,2,162.21,,,1,81.10,,,1,81.10,,,,,,,,,,,,,1,,81.10,,,,,,,,,,,,,,,,,,,,,,,,
,,,,50~54,2,166.67,1,83.33,,,,,1,83.33,,,,,,1,83.33,,,,,,2,,166.67,,,,,,,,,2,166.67,,,,,,,,,,,,,,
,,,,55~59,1,98.33,,,,,,,3,294.99,,,,,,1,98.33,,,,,,,,,,,,,,,,,,,,,1,98.33,,,,,,,,,,
,,,,60~64,2,245.10,,,,,,,2,245.10,1,,,,122.55,,,,,,,,,,,,,,,,,1,122.55,,,,,,,,,,,,,,,,
,,,,65~69,3,459.42,,,,,1,153.14,3,459.42,3,,,,459.42,3,459.42,,,,,,,,,,,,,,,1,153.14,,,,,,,1,153.14,,,,,,,,
,,,,70~74,,,,,,,,,3,473.19,2,,,,315.46,,,,,1,,157.73,,,,,,1,157.73,,,1,157.73,,,,,,,1,157.73,,,,,,,,
,,,,75~79,,,,,,,,,5,792.39,1,,,,158.48,,,2,316.96,1,,158.48,,,,1,158.48,,,,,2,316.96,,,,,,,3,475.44,,,,,,,,
,,,,80~84,,,,,,,1,265.25,2,530.50,2,,,,530.50,1,265.25,,,1,,265.25,,,,1,265.25,,,,,1,265.25,,,1,265.25,,,3,795.76,,,,,,,,
,,,,85+,1,632.91,,,,,,,1,632.91,1,,,,632.91,,,,,,,,,,,,,,,,,,,,,2,1265.82,,,2,1265.82,,,,,,,,
,,,,,,,,,,,,,,,,,,,,,,,,,,,,,,,,,,,,,,,,,,,,,,,,,,,,,
,,,,,,,,,,,,,,,,,,,,,,,,,,,,,,,,,,,,,,,,,,,,,,,,,,,,,
,,,台灣女性每10萬人口年齡別發生率，1979年,,,,,,,,,,,,,,,,,,,,,,,,,,,,,,,,,,,,,,,,,,,,,,,,,,
,,,,,,,,,,,,,,,,,,,,,,,,,,,,,,,,,,,,,,,,,,,,,,,,,,,,,
,,,,,,,,,,,,,,,,,,,,,,,,,,,,,,,,,,,,,,,,,,,,,,,,,,,,,
,,,,診斷年齡,女性乳房,,子宮頸,,白血病,,直腸與肛門,,肺、支氣管及氣管,,,,,,,,,,,,,,,,,,,,,,,,,,,,,,,,,,,,,,,,
,,,,,個案數,發生率,個案數,發生率,個案數,發生率,個案數,發生率,個案數,發生率,,,,,,,,,,,,,,,,,,,,,,,,,,,,,,,,,,,,,,,
,,,,35~39,1,124.84,,,,,,,,,,,,,,,,,,,,,,,,,,,,,,,,,,,,,,,,,,,,,,,
,,,,45~49,1,96.99,,,,,,,3,290.98,,,,,,,,,,,,,,,,,,,,,,,,,,,,,,,,,,,,,,,
,,,,50~54,,,,,,,1,117.65,1,117.65,,,,,,,,,,,,,,,,,,,,,,,,,,,,,,,,,,,,,,,
,,,,55~59,,,1,147.49,1,147.49,,,,,,,,,,,,,,,,,,,,,,,,,,,,,,,,,,,,,,,,,,,
,,,,,,,,,,,,,,,,,,,,,,,,,,,,,,,,,,,,,,,,,,,,,,,,,,,,,
,,,,,,,,,,,,,,,,,,,,,,,,,,,,,,,,,,,,,,,,,,,,,,,,,,,,,
,,,台灣女性每10萬人口年齡別發生率，1980年,,,,,,,,,,,,,,,,,,,,,,,,,,,,,,,,,,,,,,,,,,,,,,,,,,
,,,,,,,,,,,,,,,,,,,,,,,,,,,,,,,,,,,,,,,,,,,,,,,,,,,,,
,,,,,,,,,,,,,,,,,,,,,,,,,,,,,,,,,,,,,,,,,,,,,,,,,,,,,
,,,,診斷年齡,女性乳房,,子宮頸,,卵巢、輸卵管及寬韌帶,,鼻咽,,,,,,,,,,,,,,,,,,,,,,,,,,,,,,,,,,,,,,,,,,
,,,,,個案數,發生率,個案數,發生率,個案數,發生率,個案數,發生率,,,,,,,,,,,,,,,,,,,,,,,,,,,,,,,,,,,,,,,,,
,,,,35~39,,,,,,,1,135.87,,,,,,,,,,,,,,,,,,,,,,,,,,,,,,,,,,,,,,,,,
,,,,40~44,1,116.14,2,232.29,,,,,,,,,,,,,,,,,,,,,,,,,,,,,,,,,,,,,,,,,,,,,
,,,,45~49,,,1,97.94,,,,,,,,,,,,,,,,,,,,,,,,,,,,,,,,,,,,,,,,,,,,,
,,,,50~54,,,,,1,110.25,,,,,,,,,,,,,,,,,,,,,,,,,,,,,,,,,,,,,,,,,,,
,,,,,,,,,,,,,,,,,,,,,,,,,,,,,,,,,,,,,,,,,,,,,,,,,,,,,
,,,,,,,,,,,,,,,,,,,,,,,,,,,,,,,,,,,,,,,,,,,,,,,,,,,,,
,,,台灣女性每10萬人口年齡別發生率，1981年,,,,,,,,,,,,,,,,,,,,,,,,,,,,,,,,,,,,,,,,,,,,,,,,,,
,,,,,,,,,,,,,,,,,,,,,,,,,,,,,,,,,,,,,,,,,,,,,,,,,,,,,
,,,,,,,,,,,,,,,,,,,,,,,,,,,,,,,,,,,,,,,,,,,,,,,,,,,,,
,,,,診斷年齡,口腔癌,,女性乳房,,子宮頸,,甲狀腺,,皮膚,,直腸與肛門,,,,,,,,,,,,,,,,,,,,,,,,,,,,,,,,,,,,,,
,,,,,個案數,發生率,個案數,發生率,個案數,發生率,個案數,發生率,個案數,發生率,個案數,,,,發生率,,,,,,,,,,,,,,,,,,,,,,,,,,,,,,,,,,
,,,,25~29,,,,,,,1,83.47,,,,,,,,,,,,,,,,,,,,,,,,,,,,,,,,,,,,,,,,,
,,,,30~34,1,124.84,,,,,,,,,,,,,,,,,,,,,,,,,,,,,,,,,,,,,,,,,,,,,,,
,,,,45~49,,,,,1,103.09,,,,,,,,,,,,,,,,,,,,,,,,,,,,,,,,,,,,,,,,,,,
,,,,55~59,,,1,143.47,,,,,,,,,,,,,,,,,,,,,,,,,,,,,,,,,,,,,,,,,,,,,
,,,,60~64,,,,,,,,,,,2,,,,338.98,,,,,,,,,,,,,,,,,,,,,,,,,,,,,,,,,,
,,,,75~79,,,,,,,,,1,534.76,,,,,,,,,,,,,,,,,,,,,,,,,,,,,,,,,,,,,,,
,,,,,,,,,,,,,,,,,,,,,,,,,,,,,,,,,,,,,,,,,,,,,,,,,,,,,
,,,,,,,,,,,,,,,,,,,,,,,,,,,,,,,,,,,,,,,,,,,,,,,,,,,,,
,,,台灣女性每10萬人口年齡別發生率，1982年,,,,,,,,,,,,,,,,,,,,,,,,,,,,,,,,,,,,,,,,,,,,,,,,,,
,,,,,,,,,,,,,,,,,,,,,,,,,,,,,,,,,,,,,,,,,,,,,,,,,,,,,
,,,,,,,,,,,,,,,,,,,,,,,,,,,,,,,,,,,,,,,,,,,,,,,,,,,,,
,,,,診斷年齡,子宮,,子宮頸,,卵巢、輸卵管及寬韌帶,,鼻咽,,,,,,,,,,,,,,,,,,,,,,,,,,,,,,,,,,,,,,,,,,
,,,,,個案數,發生率,個案數,發生率,個案數,發生率,個案數,發生率,,,,,,,,,,,,,,,,,,,,,,,,,,,,,,,,,,,,,,,,,
,,,,30~34,,,1,119.90,,,,,,,,,,,,,,,,,,,,,,,,,,,,,,,,,,,,,,,,,,,,,
,,,,35~39,,,,,,,1,158.23,,,,,,,,,,,,,,,,,,,,,,,,,,,,,,,,,,,,,,,,,
,,,,45~49,,,1,103.52,,,,,,,,,,,,,,,,,,,,,,,,,,,,,,,,,,,,,,,,,,,,,
,,,,55~59,1,139.08,1,139.08,1,139.08,,,,,,,,,,,,,,,,,,,,,,,,,,,,,,,,,,,,,,,,,,,
,,,,,,,,,,,,,,,,,,,,,,,,,,,,,,,,,,,,,,,,,,,,,,,,,,,,,
,,,,,,,,,,,,,,,,,,,,,,,,,,,,,,,,,,,,,,,,,,,,,,,,,,,,,
,,,台灣女性每10萬人口年齡別發生率，1983年,,,,,,,,,,,,,,,,,,,,,,,,,,,,,,,,,,,,,,,,,,,,,,,,,,
,,,,,,,,,,,,,,,,,,,,,,,,,,,,,,,,,,,,,,,,,,,,,,,,,,,,,
,,,,,,,,,,,,,,,,,,,,,,,,,,,,,,,,,,,,,,,,,,,,,,,,,,,,,
,,,,診斷年齡,口腔癌,,女性乳房,,子宮頸,,不明原發部位,,卵巢、輸卵管及寬韌帶,,直腸與肛門,,,,,肺、支氣管及氣管,,胃,,結直腸癌,,,鼻腔、中耳及副鼻竇,,,,,,,,,,,,,,,,,,,,,,,,,,
,,,,,個案數,發生率,個案數,發生率,個案數,發生率,個案數,發生率,個案數,發生率,個案數,,,,發生率,個案數,發生率,個案數,發生率,個案數,,發生率,個案數,,發生率,,,,,,,,,,,,,,,,,,,,,,,,
,,,,35~39,,,,,1,157.48,,,,,,,,,,1,157.48,,,,,,,,,,,,,,,,,,,,,,,,,,,,,,,,
,,,,40~44,,,,,1,123.30,,,,,,,,,,,,,,,,,,,,,,,,,,,,,,,,,,,,,,,,,,,
,,,,45~49,,,,,2,219.78,,,,,,,,,,,,,,,,,1,,109.89,,,,,,,,,,,,,,,,,,,,,,,,
,,,,50~54,,,,,,,,,,,1,,,,101.21,,,,,,,,,,,,,,,,,,,,,,,,,,,,,,,,,,
,,,,55~59,,,,,4,536.19,1,134.05,,,2,,,,268.10,,,,,1,,134.05,,,,,,,,,,,,,,,,,,,,,,,,,,,
,,,,60~64,1,158.73,1,158.73,,,,,,,,,,,,2,317.46,,,,,,,,,,,,,,,,,,,,,,,,,,,,,,,,
,,,,65~69,,,,,,,,,,,,,,,,,,1,211.42,,,,,,,,,,,,,,,,,,,,,,,,,,,,,,
,,,,70~74,,,,,,,,,1,229.89,,,,,,,,,,,,,,,,,,,,,,,,,,,,,,,,,,,,,,,
,,,,80~84,,,1,1030.93,,,,,,,,,,,,,,,,,,,,,,,,,,,,,,,,,,,,,,,,,,,,,
,,,,,,,,,,,,,,,,,,,,,,,,,,,,,,,,,,,,,,,,,,,,,,,,,,,,,
,,,,,,,,,,,,,,,,,,,,,,,,,,,,,,,,,,,,,,,,,,,,,,,,,,,,,
,,,台灣女性每10萬人口年齡別發生率，1984年,,,,,,,,,,,,,,,,,,,,,,,,,,,,,,,,,,,,,,,,,,,,,,,,,,
,,,,,,,,,,,,,,,,,,,,,,,,,,,,,,,,,,,,,,,,,,,,,,,,,,,,,
,,,,,,,,,,,,,,,,,,,,,,,,,,,,,,,,,,,,,,,,,,,,,,,,,,,,,
,,,,診斷年齡,女性乳房,,子宮頸,,子宮體,,肝及肝內膽管,,其他女性生殖器官,,直腸與肛門,,,,,肺、支氣管及氣管,,胃,,結直腸癌,,,,,,,,,,,,,,,,,,,,,,,,,,,,,
,,,,,個案數,發生率,個案數,發生率,個案數,發生率,個案數,發生率,個案數,發生率,個案數,,,,發生率,個案數,發生率,個案數,發生率,個案數,,發生率,,,,,,,,,,,,,,,,,,,,,,,,,,,
,,,,20~24,,,,,,,,,,,,,,,,,,,,1,,49.00,,,,,,,,,,,,,,,,,,,,,,,,,,,
,,,,35~39,,,,,1,155.76,,,,,,,,,,,,,,,,,,,,,,,,,,,,,,,,,,,,,,,,,,,
,,,,40~44,,,,,,,,,,,,,,,,,,1,129.70,,,,,,,,,,,,,,,,,,,,,,,,,,,,,,
,,,,50~54,1,100.40,,,,,,,,,1,,,,100.40,1,100.40,,,,,,,,,,,,,,,,,,,,,,,,,,,,,,,,
,,,,65~69,,,1,204.50,,,1,204.50,,,,,,,,,,,,,,,,,,,,,,,,,,,,,,,,,,,,,,,,,
,,,,70~74,,,1,224.72,,,,,1,224.72,,,,,,,,,,1,,224.72,,,,,,,,,,,,,,,,,,,,,,,,,,,
,,,,,,,,,,,,,,,,,,,,,,,,,,,,,,,,,,,,,,,,,,,,,,,,,,,,,
,,,,,,,,,,,,,,,,,,,,,,,,,,,,,,,,,,,,,,,,,,,,,,,,,,,,,
,,,台灣女性每10萬人口年齡別發生率，1985年,,,,,,,,,,,,,,,,,,,,,,,,,,,,,,,,,,,,,,,,,,,,,,,,,,
,,,,,,,,,,,,,,,,,,,,,,,,,,,,,,,,,,,,,,,,,,,,,,,,,,,,,
,,,,,,,,,,,,,,,,,,,,,,,,,,,,,,,,,,,,,,,,,,,,,,,,,,,,,
,,,,診斷年齡,女性乳房,,子宮頸,,子宮體,,甲狀腺,,白血病,,胃,,,,,胰,,結直腸癌,,膀胱,,,膽囊及肝外膽管,,,,,,,,,,,,,,,,,,,,,,,,,,
,,,,,個案數,發生率,個案數,發生率,個案數,發生率,個案數,發生率,個案數,發生率,個案數,,,,發生率,個案數,發生率,個案數,發生率,個案數,,發生率,個案數,,發生率,,,,,,,,,,,,,,,,,,,,,,,,
,,,,15~19,,,,,,,,,1,61.65,,,,,,,,,,,,,,,,,,,,,,,,,,,,,,,,,,,,,,,
,,,,20~24,,,,,,,1,49.68,,,,,,,,,,,,,,,,,,,,,,,,,,,,,,,,,,,,,,,,,
,,,,40~44,,,1,140.06,,,,,,,,,,,,,,,,,,,,,,,,,,,,,,,,,,,,,,,,,,,,,
,,,,45~49,1,118.20,,,,,,,,,,,,,,,,,,,,,,,,,,,,,,,,,,,,,,,,,,,,,,,
,,,,50~54,,,,,,,,,,,1,,,,100.60,,,,,1,,100.60,,,,,,,,,,,,,,,,,,,,,,,,,,,
,,,,55~59,,,1,114.81,1,114.81,,,,,,,,,,,,,,,,,,,,,,,,,,,,,,,,,,,,,,,,,,,
,,,,65~69,,,,,,,,,,,,,,,,1,199.20,2,398.41,,,,1,,199.20,,,,,,,,,,,,,,,,,,,,,,,,
,,,,,,,,,,,,,,,,,,,,,,,,,,,,,,,,,,,,,,,,,,,,,,,,,,,,,
,,,,,,,,,,,,,,,,,,,,,,,,,,,,,,,,,,,,,,,,,,,,,,,,,,,,,
,,,台灣女性每10萬人口年齡別發生率，1986年,,,,,,,,,,,,,,,,,,,,,,,,,,,,,,,,,,,,,,,,,,,,,,,,,,
,,,,,,,,,,,,,,,,,,,,,,,,,,,,,,,,,,,,,,,,,,,,,,,,,,,,,
,,,,,,,,,,,,,,,,,,,,,,,,,,,,,,,,,,,,,,,,,,,,,,,,,,,,,
,,,,診斷年齡,女性乳房,,子宮,,子宮頸,,卵巢、輸卵管及寬韌帶,,直腸與肛門,,肺、支氣管及氣管,,,,,胃,,胰,,腦,,,,,,,,,,,,,,,,,,,,,,,,,,,,,
,,,,,個案數,發生率,個案數,發生率,個案數,發生率,個案數,發生率,個案數,發生率,個案數,,,,發生率,個案數,發生率,個案數,發生率,個案數,,發生率,,,,,,,,,,,,,,,,,,,,,,,,,,,
,,,,30~34,1,113.38,,,1,113.38,,,,,,,,,,,,,,,,,,,,,,,,,,,,,,,,,,,,,,,,,,,
,,,,45~49,,,1,118.34,,,,,,,,,,,,2,236.69,1,118.34,,,,,,,,,,,,,,,,,,,,,,,,,,,,,,
,,,,55~59,1,107.99,,,,,1,107.99,,,,,,,,,,,,,,,,,,,,,,,,,,,,,,,,,,,,,,,,,
,,,,60~64,,,,,2,311.53,1,155.76,,,2,,,,311.53,,,,,,,,,,,,,,,,,,,,,,,,,,,,,,,,,,
,,,,65~69,,,,,2,375.23,,,1,187.62,,,,,,,,,,,,,,,,,,,,,,,,,,,,,,,,,,,,,,,
,,,,70~74,,,,,,,,,,,,,,,,,,,,1,,232.02,,,,,,,,,,,,,,,,,,,,,,,,,,,
,,,,,,,,,,,,,,,,,,,,,,,,,,,,,,,,,,,,,,,,,,,,,,,,,,,,,
,,,,,,,,,,,,,,,,,,,,,,,,,,,,,,,,,,,,,,,,,,,,,,,,,,,,,
,,,台灣女性每10萬人口年齡別發生率，1987年,,,,,,,,,,,,,,,,,,,,,,,,,,,,,,,,,,,,,,,,,,,,,,,,,,
,,,,,,,,,,,,,,,,,,,,,,,,,,,,,,,,,,,,,,,,,,,,,,,,,,,,,
,,,,,,,,,,,,,,,,,,,,,,,,,,,,,,,,,,,,,,,,,,,,,,,,,,,,,
,,,,診斷年齡,女性乳房,,子宮頸,,不明原發部位,,甲狀腺,,白血病,,其他女性生殖器官,,,,,其他分界不明的部位,,直腸與肛門,,肺、支氣管及氣管,,,胃,,,骨、關節及關節軟骨,,淋巴結,,腎盂及其他泌尿系統,,,,,,,,,,,,,,,,,,,
,,,,,個案數,發生率,個案數,發生率,個案數,發生率,個案數,發生率,個案數,發生率,個案數,,,,發生率,個案數,發生率,個案數,發生率,個案數,,發生率,個案數,,發生率,個案數,發生率,個案數,發生率,個案數,發生率,,,,,,,,,,,,,,,,,,
,,,,20~24,,,,,,,,,1,53.39,,,,,,,,,,,,,,,,,,,,,,,,,,,,,,,,,,,,,,,
,,,,30~34,,,,,,,,,,,,,,,,,,,,,,,,,,,,,,1,113.25,,,,,,,,,,,,,,,,,,
,,,,35~39,,,,,,,,,,,,,,,,1,140.06,,,,,,,,,,,,,,,,,,,,,,,,,,,,,,,,
,,,,40~44,,,,,,,,,,,,,,,,,,,,,,,,,,,,1,163.13,,,,,,,,,,,,,,,,,,,,
,,,,45~49,1,121.21,,,,,1,121.21,,,,,,,,,,,,,,,,,,,,,,,,,,,,,,,,,,,,,,,,,
,,,,50~54,1,105.93,,,,,,,,,,,,,,,,1,105.93,1,,105.93,,,,,,,,,,,,,,,,,,,,,,,,,,,
,,,,55~59,,,,,,,1,111.48,,,,,,,,,,,,1,,111.48,,,,1,111.48,,,,,,,,,,,,,,,,,,,,,,
,,,,60~64,,,,,,,,,1,150.38,1,,,,150.38,,,,,,,,,,,,,,,,,,,,,,,,,,,,,,,,,,
,,,,65~69,1,177.62,1,177.62,1,177.62,,,,,,,,,,1,177.62,,,1,,177.62,2,,355.24,,,,,,,,,,,,,,,,,,,,,,,,
,,,,70~74,,,1,245.10,,,,,,,,,,,,,,,,,,,1,,245.10,,,,,,,,,,,,,,,,,,,,,,,,
,,,,,,,,,,,,,,,,,,,,,,,,,,,,,,,,,,,,,,,,,,,,,,,,,,,,,
,,,,,,,,,,,,,,,,,,,,,,,,,,,,,,,,,,,,,,,,,,,,,,,,,,,,,
,,,台灣女性每10萬人口年齡別發生率，1988年,,,,,,,,,,,,,,,,,,,,,,,,,,,,,,,,,,,,,,,,,,,,,,,,,,
,,,,,,,,,,,,,,,,,,,,,,,,,,,,,,,,,,,,,,,,,,,,,,,,,,,,,
,,,,,,,,,,,,,,,,,,,,,,,,,,,,,,,,,,,,,,,,,,,,,,,,,,,,,
,,,,診斷年齡,女性乳房,,子宮頸,,子宮體,,皮膚,,卵巢、輸卵管及寬韌帶,,其它淋巴瘤,,,,,直腸與肛門,,肺、支氣管及氣管,,胃,,,食道,,,結直腸癌,,鼻咽,,,,,,,,,,,,,,,,,,,,,
,,,,,個案數,發生率,個案數,發生率,個案數,發生率,個案數,發生率,個案數,發生率,個案數,,,,發生率,個案數,發生率,個案數,發生率,個案數,,發生率,個案數,,發生率,個案數,發生率,個案數,發生率,,,,,,,,,,,,,,,,,,,,
,,,,40~44,,,1,161.29,,,,,,,,,,,,,,,,1,,161.29,,,,,,,,,,,,,,,,,,,,,,,,,,,
,,,,45~49,1,125.63,,,,,,,,,,,,,,,,,,,,,,,,,,,,,,,,,,,,,,,,,,,,,,,
,,,,50~54,,,1,110.86,,,,,,,,,,,,,,,,,,,,,,1,110.86,,,,,,,,,,,,,,,,,,,,,,
,,,,55~59,,,1,105.15,,,,,1,105.15,,,,,,1,105.15,,,,,,,,,,,,,,,,,,,,,,,,,,,,,,,,
,,,,60~64,1,143.47,,,,,1,143.47,,,1,,,,143.47,,,,,,,,,,,,,1,143.47,,,,,,,,,,,,,,,,,,,,
,,,,65~69,1,173.91,1,173.91,1,173.91,,,,,,,,,,,,1,173.91,,,,,,,,,,,,,,,,,,,,,,,,,,,,,,
,,,,75~79,,,,,,,,,,,,,,,,,,,,,,,1,,304.88,,,,,,,,,,,,,,,,,,,,,,,,
,,,,,,,,,,,,,,,,,,,,,,,,,,,,,,,,,,,,,,,,,,,,,,,,,,,,,
,,,,,,,,,,,,,,,,,,,,,,,,,,,,,,,,,,,,,,,,,,,,,,,,,,,,,
,,,台灣女性每10萬人口年齡別發生率，1989年,,,,,,,,,,,,,,,,,,,,,,,,,,,,,,,,,,,,,,,,,,,,,,,,,,
,,,,,,,,,,,,,,,,,,,,,,,,,,,,,,,,,,,,,,,,,,,,,,,,,,,,,
,,,,,,,,,,,,,,,,,,,,,,,,,,,,,,,,,,,,,,,,,,,,,,,,,,,,,
,,,,診斷年齡,口腔癌,,女性乳房,,子宮,,子宮頸,,子宮體,,皮膚,,,,,肝及肝內膽管,,胃,,結直腸癌,,,鼻咽,,,,,,,,,,,,,,,,,,,,,,,,,,
,,,,,個案數,發生率,個案數,發生率,個案數,發生率,個案數,發生率,個案數,發生率,個案數,,,,發生率,個案數,發生率,個案數,發生率,個案數,,發生率,個案數,,發生率,,,,,,,,,,,,,,,,,,,,,,,,
,,,,45~49,,,1,133.16,,,,,1,133.16,1,,,,133.16,,,,,,,,1,,133.16,,,,,,,,,,,,,,,,,,,,,,,,
,,,,50~54,,,1,114.16,,,1,114.16,,,,,,,,,,,,,,,,,,,,,,,,,,,,,,,,,,,,,,,,,
,,,,55~59,,,1,104.49,,,,,,,,,,,,,,,,,,,,,,,,,,,,,,,,,,,,,,,,,,,,,
,,,,60~64,,,,,,,1,131.41,,,,,,,,,,,,,,,,,,,,,,,,,,,,,,,,,,,,,,,,,
,,,,65~69,,,,,,,1,166.67,,,,,,,,,,,,1,,166.67,,,,,,,,,,,,,,,,,,,,,,,,,,,
,,,,70~74,1,228.83,1,228.83,,,,,,,,,,,,1,228.83,,,1,,228.83,,,,,,,,,,,,,,,,,,,,,,,,,,,
,,,,75~79,,,,,1,286.53,,,,,,,,,,,,,,,,,,,,,,,,,,,,,,,,,,,,,,,,,,,
,,,,85+,,,,,,,,,,,,,,,,,,1,1785.71,,,,,,,,,,,,,,,,,,,,,,,,,,,,,,
,,,,,,,,,,,,,,,,,,,,,,,,,,,,,,,,,,,,,,,,,,,,,,,,,,,,,
,,,,,,,,,,,,,,,,,,,,,,,,,,,,,,,,,,,,,,,,,,,,,,,,,,,,,
,,,台灣女性每10萬人口年齡別發生率，1990年,,,,,,,,,,,,,,,,,,,,,,,,,,,,,,,,,,,,,,,,,,,,,,,,,,
,,,,,,,,,,,,,,,,,,,,,,,,,,,,,,,,,,,,,,,,,,,,,,,,,,,,,
,,,,,,,,,,,,,,,,,,,,,,,,,,,,,,,,,,,,,,,,,,,,,,,,,,,,,
,,,,診斷年齡,女性乳房,,子宮,,子宮頸,,皮膚,,直腸與肛門,,非何杰金氏淋巴瘤,,,,,胃,,食道,,胰,,,腎盂及其他泌尿系統,,,鼻咽,,膽囊及肝外膽管,,,,,,,,,,,,,,,,,,,,,
,,,,,個案數,發生率,個案數,發生率,個案數,發生率,個案數,發生率,個案數,發生率,個案數,,,,發生率,個案數,發生率,個案數,發生率,個案數,,發生率,個案數,,發生率,個案數,發生率,個案數,發生率,,,,,,,,,,,,,,,,,,,,
,,,,25~29,,,,,,,,,,,,,,,,,,,,,,,,,,1,73.26,,,,,,,,,,,,,,,,,,,,,,
,,,,35~39,,,1,124.38,,,,,,,,,,,,,,,,,,,,,,,,,,,,,,,,,,,,,,,,,,,,,
,,,,40~44,,,,,2,303.03,,,,,,,,,,,,,,,,,,,,,,,,,,,,,,,,,,,,,,,,,,,
,,,,50~54,2,237.81,,,,,,,1,118.91,,,,,,,,,,,,,,,,,,,,,,,,,,,,,,,,,,,,,,,
,,,,55~59,1,102.99,,,,,,,,,1,,,,102.99,,,,,,,,,,,,,1,102.99,,,,,,,,,,,,,,,,,,,,
,,,,60~64,1,117.65,,,,,1,117.65,,,,,,,,,,,,,,,,,,,,,,,,,,,,,,,,,,,,,,,,,
,,,,65~69,,,,,,,1,162.07,,,,,,,,1,162.07,,,,,,1,,162.07,,,,,,,,,,,,,,,,,,,,,,,,
,,,,70~74,,,,,,,,,,,,,,,,,,1,219.30,1,,219.30,,,,,,,,,,,,,,,,,,,,,,,,,,,
,,,,75~79,,,,,,,,,,,,,,,,,,,,,,,1,,277.78,,,,,,,,,,,,,,,,,,,,,,,,
,,,,,,,,,,,,,,,,,,,,,,,,,,,,,,,,,,,,,,,,,,,,,,,,,,,,,
,,,,,,,,,,,,,,,,,,,,,,,,,,,,,,,,,,,,,,,,,,,,,,,,,,,,,
,,,台灣女性每10萬人口年齡別發生率，1991年,,,,,,,,,,,,,,,,,,,,,,,,,,,,,,,,,,,,,,,,,,,,,,,,,,
,,,,,,,,,,,,,,,,,,,,,,,,,,,,,,,,,,,,,,,,,,,,,,,,,,,,,
,,,,,,,,,,,,,,,,,,,,,,,,,,,,,,,,,,,,,,,,,,,,,,,,,,,,,
,,,,診斷年齡,子宮頸,,小腸,,甲狀腺,,肝及肝內膽管,,直腸與肛門,,肺、支氣管及氣管,,,,,胰,,造血系統及網狀內皮系統,,結直腸癌,,,腎,,,,,,,,,,,,,,,,,,,,,,,,,,
,,,,,個案數,發生率,個案數,發生率,個案數,發生率,個案數,發生率,個案數,發生率,個案數,,,,發生率,個案數,發生率,個案數,發生率,個案數,,發生率,個案數,,發生率,,,,,,,,,,,,,,,,,,,,,,,,
,,,,25~29,,,,,,,1,76.69,,,,,,,,,,,,,,,,,,,,,,,,,,,,,,,,,,,,,,,,,
,,,,35~39,,,,,1,123.92,,,,,,,,,,,,,,,,,,,,,,,,,,,,,,,,,,,,,,,,,,,
,,,,40~44,,,,,1,139.86,,,,,,,,,,,,,,,,,,,,,,,,,,,,,,,,,,,,,,,,,,,
,,,,45~49,1,153.85,,,,,,,,,,,,,,,,,,,,,,,,,,,,,,,,,,,,,,,,,,,,,,,
,,,,55~59,,,,,1,108.11,,,,,1,,,,108.11,,,,,1,,108.11,,,,,,,,,,,,,,,,,,,,,,,,,,,
,,,,60~64,,,,,,,,,1,110.13,1,,,,110.13,,,,,,,,1,,110.13,,,,,,,,,,,,,,,,,,,,,,,,
,,,,65~69,,,,,,,1,160.26,,,1,,,,160.26,1,160.26,1,160.26,,,,,,,,,,,,,,,,,,,,,,,,,,,,,,
,,,,75~79,,,,,,,,,,,1,,,,294.12,,,,,1,,294.12,,,,,,,,,,,,,,,,,,,,,,,,,,,
,,,,80~84,,,1,512.82,,,,,,,,,,,,,,,,,,,,,,,,,,,,,,,,,,,,,,,,,,,,,
,,,,,,,,,,,,,,,,,,,,,,,,,,,,,,,,,,,,,,,,,,,,,,,,,,,,,
,,,,,,,,,,,,,,,,,,,,,,,,,,,,,,,,,,,,,,,,,,,,,,,,,,,,,
,,,台灣女性每10萬人口年齡別發生率，1992年,,,,,,,,,,,,,,,,,,,,,,,,,,,,,,,,,,,,,,,,,,,,,,,,,,
,,,,,,,,,,,,,,,,,,,,,,,,,,,,,,,,,,,,,,,,,,,,,,,,,,,,,
,,,,,,,,,,,,,,,,,,,,,,,,,,,,,,,,,,,,,,,,,,,,,,,,,,,,,
,,,,診斷年齡,女性乳房,,子宮頸,,子宮體,,小腸,,不明原發部位,,甲狀腺,,,,,皮膚,,卵巢、輸卵管及寬韌帶,,肝及肝內膽管,,,其它淋巴瘤,,,直腸與肛門,,肺、支氣管及氣管,,胸腺、心臟與中隔,,眼及淚腺,,腎,,,,,,,,,,,,,,,
,,,,,個案數,發生率,個案數,發生率,個案數,發生率,個案數,發生率,個案數,發生率,個案數,,,,發生率,個案數,發生率,個案數,發生率,個案數,,發生率,個案數,,發生率,個案數,發生率,個案數,發生率,個案數,發生率,個案數,發生率,個案數,發生率,,,,,,,,,,,,,,
,,,,15~19,,,,,,,,,,,,,,,,,,1,94.16,,,,,,,,,,,,,,,,,,,,,,,,,,,,,,
,,,,20~24,,,,,,,,,,,,,,,,,,,,,,,1,,75.93,,,,,,,,,,,,,,,,,,,,,,,,
,,,,30~34,1,100.30,,,,,,,,,,,,,,,,,,,,,,,,,,,,,,,,,,,,,,,,,,,,,,,
,,,,35~39,,,,,,,,,,,,,,,,1,120.77,,,,,,,,,,,,,,,,,,,,,,,,,,,,,,,,
,,,,40~44,2,268.10,,,,,,,,,1,,,,134.05,,,,,,,,,,,,,,,,,1,134.05,,,,,,,,,,,,,,,,
,,,,50~54,,,2,244.80,,,,,1,122.40,,,,,,,,,,,,,,,,,,,,,,,,,,,,,,,,,,,,,,,
,,,,55~59,1,105.60,,,,,,,,,,,,,,,,,,,,,,,,,,,,,,,,,,,,,,,,,,,,,,,
,,,,60~64,,,2,222.22,1,111.11,1,111.11,,,,,,,,,,,,,,,,,,,,,,1,111.11,,,1,111.11,,,,,,,,,,,,,,
,,,,65~69,,,1,154.32,,,,,,,,,,,,,,,,,,,,,,1,154.32,,,,,,,,,,,,,,,,,,,,,,
,,,,70~74,,,,,,,,,,,,,,,,,,,,1,,184.50,,,,,,1,184.50,,,,,,,,,,,,,,,,,,,,
,,,,75~79,,,1,289.86,,,,,,,,,,,,,,,,1,,289.86,,,,,,,,,,,,,,,,,,,,,,,,,,,
,,,,80~84,,,1,456.62,,,,,,,,,,,,,,,,1,,456.62,,,,,,,,,,,,,,,,,,,,,,,,,,,
,,,,,,,,,,,,,,,,,,,,,,,,,,,,,,,,,,,,,,,,,,,,,,,,,,,,,
,,,,,,,,,,,,,,,,,,,,,,,,,,,,,,,,,,,,,,,,,,,,,,,,,,,,,
,,,台灣女性每10萬人口年齡別發生率，1993年,,,,,,,,,,,,,,,,,,,,,,,,,,,,,,,,,,,,,,,,,,,,,,,,,,
,,,,,,,,,,,,,,,,,,,,,,,,,,,,,,,,,,,,,,,,,,,,,,,,,,,,,
,,,,,,,,,,,,,,,,,,,,,,,,,,,,,,,,,,,,,,,,,,,,,,,,,,,,,
,,,,診斷年齡,口腔癌,,女性乳房,,子宮頸,,白血病,,皮膚,,卵巢、輸卵管及寬韌帶,,,,,肝及肝內膽管,,其它淋巴瘤,,直腸與肛門,,,肺、支氣管及氣管,,,胃,,結直腸癌,,腎盂及其他泌尿系統,,鼻咽,,,,,,,,,,,,,,,,,
,,,,,個案數,發生率,個案數,發生率,個案數,發生率,個案數,發生率,個案數,發生率,個案數,,,,發生率,個案數,發生率,個案數,發生率,個案數,,發生率,個案數,,發生率,個案數,發生率,個案數,發生率,個案數,發生率,個案數,發生率,,,,,,,,,,,,,,,,
,,,,0~4,,,,,,,1,104.93,,,,,,,,,,,,,,,,,,,,,,,,,,,,,,,,,,,,,,,,,
,,,,35~39,,,,,,,,,,,,,,,,,,,,,,,1,,124.07,,,,,,,,,,,,,,,,,,,,,,,,
,,,,40~44,,,,,3,379.27,,,,,,,,,,,,,,,,,,,,,,,,,,,,,,,,,,,,,,,,,,,
,,,,45~49,,,1,159.24,,,,,,,,,,,,,,,,,,,,,,,,,,,,1,159.24,,,,,,,,,,,,,,,,
,,,,50~54,,,1,125.47,,,,,,,1,,,,125.47,,,,,,,,,,,,,,,,,,,,,,,,,,,,,,,,,,
,,,,55~59,,,,,,,,,,,,,,,,,,,,,,,,,,,,,,1,110.62,,,,,,,,,,,,,,,,,,
,,,,60~64,1,105.15,1,105.15,,,,,1,105.15,,,,,,1,105.15,1,105.15,,,,,,,,,,,,,,,,,,,,,,,,,,,,,,
,,,,65~69,,,,,,,,,,,,,,,,,,,,1,,145.99,,,,,,1,145.99,,,,,,,,,,,,,,,,,,,,
,,,,70~74,,,,,,,,,,,,,,,,,,,,,,,2,,370.37,1,185.19,,,,,,,,,,,,,,,,,,,,,,
,,,,75~79,,,,,1,292.40,,,,,,,,,,,,,,,,,,,,,,,,,,,,,,,,,,,,,,,,,,,
,,,,80~84,,,,,,,,,,,,,,,,1,414.94,,,,,,,,,,,,,,,,,,,,,,,,,,,,,,,,
,,,,,,,,,,,,,,,,,,,,,,,,,,,,,,,,,,,,,,,,,,,,,,,,,,,,,
,,,,,,,,,,,,,,,,,,,,,,,,,,,,,,,,,,,,,,,,,,,,,,,,,,,,,
,,,台灣女性每10萬人口年齡別發生率，1994年,,,,,,,,,,,,,,,,,,,,,,,,,,,,,,,,,,,,,,,,,,,,,,,,,,
,,,,,,,,,,,,,,,,,,,,,,,,,,,,,,,,,,,,,,,,,,,,,,,,,,,,,
,,,,,,,,,,,,,,,,,,,,,,,,,,,,,,,,,,,,,,,,,,,,,,,,,,,,,
,,,,診斷年齡,口腔癌,,女性乳房,,子宮頸,,子宮體,,皮膚,,肝及肝內膽管,,,,,其它淋巴瘤,,肺、支氣管及氣管,,胃,,,結直腸癌,,,鼻咽,,,,,,,,,,,,,,,,,,,,,,,
,,,,,個案數,發生率,個案數,發生率,個案數,發生率,個案數,發生率,個案數,發生率,個案數,,,,發生率,個案數,發生率,個案數,發生率,個案數,,發生率,個案數,,發生率,個案數,發生率,,,,,,,,,,,,,,,,,,,,,,
,,,,35~39,,,,,,,1,119.19,,,,,,,,,,,,,,,,,,,,,,,,,,,,,,,,,,,,,,,,,
,,,,40~44,,,1,122.10,,,,,,,,,,,,,,,,,,,,,,,,,,,,,,,,,,,,,,,,,,,,,
,,,,50~54,,,1,130.72,,,,,1,130.72,,,,,,,,,,1,,130.72,,,,,,,,,,,,,,,,,,,,,,,,,,,
,,,,55~59,,,,,2,227.53,2,227.53,1,113.77,,,,,,,,1,113.77,,,,,,,,,,,,,,,,,,,,,,,,,,,,,,
,,,,60~64,1,104.82,1,104.82,1,104.82,,,,,2,,,,209.64,,,,,,,,,,,1,104.82,,,,,,,,,,,,,,,,,,,,,,
,,,,65~69,,,,,,,,,,,,,,,,,,,,,,,1,,133.16,,,,,,,,,,,,,,,,,,,,,,,,
,,,,70~74,,,,,,,,,1,183.49,1,,,,183.49,1,183.49,2,366.97,,,,,,,,,,,,,,,,,,,,,,,,,,,,,,
,,,,75~79,,,,,,,,,,,,,,,,,,,,1,,280.11,,,,,,,,,,,,,,,,,,,,,,,,,,,
,,,,,,,,,,,,,,,,,,,,,,,,,,,,,,,,,,,,,,,,,,,,,,,,,,,,,
,,,,,,,,,,,,,,,,,,,,,,,,,,,,,,,,,,,,,,,,,,,,,,,,,,,,,
,,,台灣女性每10萬人口年齡別發生率，1995年,,,,,,,,,,,,,,,,,,,,,,,,,,,,,,,,,,,,,,,,,,,,,,,,,,
,,,,,,,,,,,,,,,,,,,,,,,,,,,,,,,,,,,,,,,,,,,,,,,,,,,,,
,,,,,,,,,,,,,,,,,,,,,,,,,,,,,,,,,,,,,,,,,,,,,,,,,,,,,
,,,,診斷年齡,女性乳房,,子宮頸,,不明原發部位,,白血病,,皮膚,,卵巢、輸卵管及寬韌帶,,,,,肝及肝內膽管,,其他女性生殖器官,,肺、支氣管及氣管,,,非何杰金氏淋巴瘤,,,胸腺、心臟與中隔,,結直腸癌,,,,,,,,,,,,,,,,,,,,,
,,,,,個案數,發生率,個案數,發生率,個案數,發生率,個案數,發生率,個案數,發生率,個案數,,,,發生率,個案數,發生率,個案數,發生率,個案數,,發生率,個案數,,發生率,個案數,發生率,個案數,發生率,,,,,,,,,,,,,,,,,,,,
,,,,30~34,,,,,,,,,,,,,,,,,,,,,,,,,,,,1,94.07,,,,,,,,,,,,,,,,,,,,
,,,,35~39,,,,,,,,,,,,,,,,1,113.38,,,,,,,,,,,,,,,,,,,,,,,,,,,,,,,,
,,,,40~44,1,117.65,,,,,,,,,,,,,,,,,,,,,,,,,,,,,,,,,,,,,,,,,,,,,,,
,,,,45~49,1,149.25,1,149.25,,,,,,,,,,,,,,,,,,,,,,,,,,,,,,,,,,,,,,,,,,,,,
,,,,50~54,,,,,,,,,,,,,,,,,,1,137.93,,,,,,,,,,,,,,,,,,,,,,,,,,,,,,
,,,,55~59,1,121.07,1,121.07,,,,,,,,,,,,,,,,,,,,,,,,,,,,,,,,,,,,,,,,,,,,,
,,,,60~64,,,2,207.47,,,2,207.47,1,103.73,2,,,,207.47,,,,,,,,1,,103.73,1,103.73,,,,,,,,,,,,,,,,,,,,,,
,,,,65~69,,,,,,,1,121.51,1,121.51,,,,,,1,121.51,,,1,,121.51,,,,,,,,,,,,,,,,,,,,,,,,,,,
,,,,75~79,,,,,1,267.38,,,,,,,,,,,,,,,,,,,,,,,,,,,,,,,,,,,,,,,,,,,
,,,,80~84,1,386.10,,,,,,,1,386.10,,,,,,,,,,1,,386.10,,,,,,,,,,,,,,,,,,,,,,,,,,,
,,,,,,,,,,,,,,,,,,,,,,,,,,,,,,,,,,,,,,,,,,,,,,,,,,,,,
,,,,,,,,,,,,,,,,,,,,,,,,,,,,,,,,,,,,,,,,,,,,,,,,,,,,,
,,,台灣女性每10萬人口年齡別發生率，1996年,,,,,,,,,,,,,,,,,,,,,,,,,,,,,,,,,,,,,,,,,,,,,,,,,,
,,,,,,,,,,,,,,,,,,,,,,,,,,,,,,,,,,,,,,,,,,,,,,,,,,,,,
,,,,,,,,,,,,,,,,,,,,,,,,,,,,,,,,,,,,,,,,,,,,,,,,,,,,,
,,,,診斷年齡,女性乳房,,子宮頸,,甲狀腺,,肝及肝內膽管,,直腸與肛門,,肺、支氣管及氣管,,,,,結直腸癌,,腦,,鼻咽,,,,,,,,,,,,,,,,,,,,,,,,,,,,,
,,,,,個案數,發生率,個案數,發生率,個案數,發生率,個案數,發生率,個案數,發生率,個案數,,,,發生率,個案數,發生率,個案數,發生率,個案數,,發生率,,,,,,,,,,,,,,,,,,,,,,,,,,,
,,,,15~19,,,,,,,,,,,,,,,,,,1,92.59,1,,92.59,,,,,,,,,,,,,,,,,,,,,,,,,,,
,,,,25~29,1,86.73,,,,,,,,,,,,,,,,,,,,,,,,,,,,,,,,,,,,,,,,,,,,,,,
,,,,30~34,,,1,97.37,,,,,,,,,,,,,,,,,,,,,,,,,,,,,,,,,,,,,,,,,,,,,
,,,,40~44,,,,,1,118.91,,,,,,,,,,,,,,,,,,,,,,,,,,,,,,,,,,,,,,,,,,,
,,,,45~49,,,1,134.95,,,,,1,134.95,1,,,,134.95,1,134.95,,,,,,,,,,,,,,,,,,,,,,,,,,,,,,,,
,,,,55~59,,,2,237.81,,,,,,,,,,,,1,118.91,,,1,,118.91,,,,,,,,,,,,,,,,,,,,,,,,,,,
,,,,60~64,,,2,219.54,,,1,109.77,1,109.77,1,,,,109.77,1,109.77,,,,,,,,,,,,,,,,,,,,,,,,,,,,,,,,
,,,,65~69,,,,,,,,,,,2,,,,230.15,1,115.07,,,,,,,,,,,,,,,,,,,,,,,,,,,,,,,,
,,,,70~74,,,1,177.62,,,,,,,,,,,,,,,,,,,,,,,,,,,,,,,,,,,,,,,,,,,,,
,,,,75~79,,,,,1,234.74,,,,,,,,,,,,,,,,,,,,,,,,,,,,,,,,,,,,,,,,,,,
,,,,,,,,,,,,,,,,,,,,,,,,,,,,,,,,,,,,,,,,,,,,,,,,,,,,,
,,,,,,,,,,,,,,,,,,,,,,,,,,,,,,,,,,,,,,,,,,,,,,,,,,,,,
,,,台灣女性每10萬人口年齡別發生率，1997年,,,,,,,,,,,,,,,,,,,,,,,,,,,,,,,,,,,,,,,,,,,,,,,,,,
,,,,,,,,,,,,,,,,,,,,,,,,,,,,,,,,,,,,,,,,,,,,,,,,,,,,,
,,,,,,,,,,,,,,,,,,,,,,,,,,,,,,,,,,,,,,,,,,,,,,,,,,,,,
,,,,診斷年齡,女性乳房,,子宮頸,,子宮體,,不明原發部位,,主唾液腺,,白血病,,,,,皮膚,,肝及肝內膽管,,其它淋巴瘤,,,直腸與肛門,,,肺、支氣管及氣管,,胰,,骨、關節及關節軟骨,,結直腸癌,,膀胱,,,,,,,,,,,,,,,
,,,,,個案數,發生率,個案數,發生率,個案數,發生率,個案數,發生率,個案數,發生率,個案數,,,,發生率,個案數,發生率,個案數,發生率,個案數,,發生率,個案數,,發生率,個案數,發生率,個案數,發生率,個案數,發生率,個案數,發生率,個案數,發生率,,,,,,,,,,,,,,
,,,,25~29,,,,,,,,,,,,,,,,,,,,,,,,,,,,,,1,89.85,,,,,,,,,,,,,,,,,,
,,,,30~34,,,1,99.21,,,,,,,,,,,,,,,,,,,,,,,,,,,,,,,,,,,,,,,,,,,,,
,,,,35~39,,,,,1,104.38,,,,,,,,,,,,,,,,,,,,,,,,,,,,,,,,,,,,,,,,,,,
,,,,40~44,1,119.62,,,,,,,,,,,,,,,,,,,,,1,,119.62,,,,,,,1,119.62,,,,,,,,,,,,,,,,
,,,,45~49,1,130.55,1,130.55,,,,,,,,,,,,,,,,,,,,,,,,,,,,1,130.55,,,,,,,,,,,,,,,,
,,,,50~54,1,160.51,2,321.03,,,,,,,,,,,,,,,,,,,,,,1,160.51,,,,,,,,,,,,,,,,,,,,,,
,,,,55~59,1,122.55,,,,,,,,,,,,,,,,1,122.55,,,,,,,2,245.10,1,122.55,,,,,,,,,,,,,,,,,,,,
,,,,60~64,1,108.11,,,,,1,108.11,,,1,,,,108.11,,,1,108.11,,,,1,,108.11,1,108.11,,,,,2,216.22,2,216.22,,,,,,,,,,,,,,
,,,,65~69,,,,,,,,,,,,,,,,1,117.10,2,234.19,1,,117.10,,,,1,117.10,,,,,1,117.10,,,,,,,,,,,,,,,,
,,,,70~74,,,1,167.22,,,,,1,167.22,,,,,,2,334.45,2,334.45,,,,2,,334.45,1,167.22,,,,,1,167.22,1,167.22,,,,,,,,,,,,,,
,,,,75~79,,,,,,,,,,,,,,,,,,1,223.21,,,,,,,,,,,,,,,,,,,,,,,,,,,,,,
,,,,80~84,,,,,,,,,,,,,,,,1,398.41,,,,,,,,,1,398.41,,,,,,,,,,,,,,,,,,,,,,
,,,,85+,,,,,,,,,,,,,,,,,,,,,,,1,,704.23,,,,,,,,,,,,,,,,,,,,,,,,
,,,,,,,,,,,,,,,,,,,,,,,,,,,,,,,,,,,,,,,,,,,,,,,,,,,,,
,,,,,,,,,,,,,,,,,,,,,,,,,,,,,,,,,,,,,,,,,,,,,,,,,,,,,
,,,台灣女性每10萬人口年齡別發生率，1998年,,,,,,,,,,,,,,,,,,,,,,,,,,,,,,,,,,,,,,,,,,,,,,,,,,
,,,,,,,,,,,,,,,,,,,,,,,,,,,,,,,,,,,,,,,,,,,,,,,,,,,,,
,,,,,,,,,,,,,,,,,,,,,,,,,,,,,,,,,,,,,,,,,,,,,,,,,,,,,
,,,,診斷年齡,口腔癌,,女性乳房,,子宮頸,,子宮體,,甲狀腺,,皮膚,,,,,卵巢、輸卵管及寬韌帶,,肝及肝內膽管,,直腸與肛門,,,肺、支氣管及氣管,,,非何杰金氏淋巴瘤,,胃,,胰,,結直腸癌,,結締組織、皮下組織及其他軟組織,,腎,,腎盂及其他泌尿系統,,膀胱,,鼻咽,,,,,,,
,,,,,個案數,發生率,個案數,發生率,個案數,發生率,個案數,發生率,個案數,發生率,個案數,,,,發生率,個案數,發生率,個案數,發生率,個案數,,發生率,個案數,,發生率,個案數,發生率,個案數,發生率,個案數,發生率,個案數,發生率,個案數,發生率,個案數,發生率,個案數,發生率,個案數,發生率,個案數,發生率,,,,,,
,,,,25~29,,,,,,,,,,,,,,,,,,,,,,,,,,,,,,,,,,1,95.97,,,,,,,,,,,,,,
,,,,30~34,,,,,,,,,,,,,,,,,,,,,,,,,,1,101.83,,,,,,,,,,,,,,,,,,,,,,
,,,,40~44,,,1,121.07,1,121.07,,,,,,,,,,,,,,,,,,,,,,,,,,,,,,,,,,,,,,,,,,,
,,,,45~49,,,1,124.53,,,,,1,124.53,,,,,,,,,,,,,,,,,,,,,,,,,,,,,,,,,,,,,,,
,,,,50~54,,,,,1,160.00,,,,,,,,,,,,,,,,,,,,,,,,,,1,160.00,,,,,,,,,,,,,,,,
,,,,55~59,,,1,126.10,1,126.10,,,,,,,,,,1,126.10,,,,,,,,,,,,,,,,,,,,,,,,,1,126.10,,,,,,
,,,,60~64,,,,,,,,,,,,,,,,,,1,114.94,,,,,,,,,,,,,,,,,,,1,114.94,,,,,,,,,,
,,,,65~69,1,112.23,,,2,224.47,,,,,,,,,,,,,,2,,224.47,2,,224.47,,,2,224.47,,,2,224.47,,,1,112.23,,,,,,,,,,,,
,,,,70~74,,,1,159.74,1,159.74,1,159.74,,,,,,,,,,,,,,,,,,,,1,159.74,1,159.74,,,,,,,1,159.74,1,159.74,,,,,,,,
,,,,75~79,,,,,,,,,,,2,,,,433.84,,,1,216.92,1,,216.92,1,,216.92,,,,,,,,,,,,,,,,,,,,,,,,
,,,,80~84,,,,,,,,,,,,,,,,,,,,,,,1,,401.61,,,,,,,,,,,,,,,,,,,,,,,,
,,,,85+,,,,,,,,,,,1,,,,632.91,,,,,,,,,,,,,1,632.91,,,,,,,,,,,,,,,,,,,,
,,,,,,,,,,,,,,,,,,,,,,,,,,,,,,,,,,,,,,,,,,,,,,,,,,,,,
,,,,,,,,,,,,,,,,,,,,,,,,,,,,,,,,,,,,,,,,,,,,,,,,,,,,,
,,,台灣女性每10萬人口年齡別發生率，1999年,,,,,,,,,,,,,,,,,,,,,,,,,,,,,,,,,,,,,,,,,,,,,,,,,,
,,,,,,,,,,,,,,,,,,,,,,,,,,,,,,,,,,,,,,,,,,,,,,,,,,,,,
,,,,,,,,,,,,,,,,,,,,,,,,,,,,,,,,,,,,,,,,,,,,,,,,,,,,,
,,,,診斷年齡,女性乳房,,子宮頸,,甲狀腺,,白血病,,皮膚,,肝及肝內膽管,,,,,直腸與肛門,,肺、支氣管及氣管,,胃,,,結直腸癌,,,腎,,腎盂及其他泌尿系統,,,,,,,,,,,,,,,,,,,,,
,,,,,個案數,發生率,個案數,發生率,個案數,發生率,個案數,發生率,個案數,發生率,個案數,,,,發生率,個案數,發生率,個案數,發生率,個案數,,發生率,個案數,,發生率,個案數,發生率,個案數,發生率,,,,,,,,,,,,,,,,,,,,
,,,,35~39,2,208.77,1,104.38,,,,,,,,,,,,,,,,,,,,,,,,,,,,,,,,,,,,,,,,,,,,,
,,,,40~44,1,115.21,,,,,,,,,,,,,,,,,,,,,,,,,,,,,,,,,,,,,,,,,,,,,,,
,,,,45~49,1,119.05,,,,,,,,,,,,,,1,119.05,1,119.05,,,,,,,,,,,,,,,,,,,,,,,,,,,,,,
,,,,50~54,1,162.87,1,162.87,,,,,,,,,,,,,,,,,,,,,,,,,,,,,,,,,,,,,,,,,,,,,
,,,,55~59,,,,,,,,,,,1,,,,130.89,,,,,,,,,,,,,,,,,,,,,,,,,,,,,,,,,,
,,,,60~64,1,118.20,,,,,,,,,,,,,,,,,,,,,1,,118.20,,,1,118.20,,,,,,,,,,,,,,,,,,,,
,,,,65~69,,,1,110.86,1,110.86,1,110.86,1,110.86,,,,,,,,1,110.86,1,,110.86,1,,110.86,1,110.86,,,,,,,,,,,,,,,,,,,,,,
,,,,70~74,1,148.37,1,148.37,,,,,,,,,,,,,,1,148.37,,,,,,,,,,,,,,,,,,,,,,,,,,,,,,
,,,,75~79,,,,,,,,,,,1,,,,212.77,,,,,,,,,,,,,,,,,,,,,,,,,,,,,,,,,,
,,,,80~84,,,,,,,,,1,367.65,,,,,,,,1,367.65,,,,,,,,,,,,,,,,,,,,,,,,,,,,,,
,,,,85+,,,,,,,,,,,1,,,,625.00,,,,,,,,,,,,,,,,,,,,,,,,,,,,,,,,,,
,,,,,,,,,,,,,,,,,,,,,,,,,,,,,,,,,,,,,,,,,,,,,,,,,,,,,
,,,,,,,,,,,,,,,,,,,,,,,,,,,,,,,,,,,,,,,,,,,,,,,,,,,,,
,,,台灣女性每10萬人口年齡別發生率，2000年,,,,,,,,,,,,,,,,,,,,,,,,,,,,,,,,,,,,,,,,,,,,,,,,,,
,,,,,,,,,,,,,,,,,,,,,,,,,,,,,,,,,,,,,,,,,,,,,,,,,,,,,
,,,,,,,,,,,,,,,,,,,,,,,,,,,,,,,,,,,,,,,,,,,,,,,,,,,,,
,,,,診斷年齡,女性乳房,,子宮頸,,不明原發部位,,主唾液腺,,甲狀腺,,皮膚,,,,,卵巢、輸卵管及寬韌帶,,肝及肝內膽管,,其他女性生殖器官,,,其它淋巴瘤,,,直腸與肛門,,肺、支氣管及氣管,,胃,,消化器官其他分界不明部位,,胰,,造血系統及網狀內皮系統,,結直腸癌,,腎,,腎盂及其他泌尿系統,,腦,,膀胱,,,
,,,,,個案數,發生率,個案數,發生率,個案數,發生率,個案數,發生率,個案數,發生率,個案數,,,,發生率,個案數,發生率,個案數,發生率,個案數,,發生率,個案數,,發生率,個案數,發生率,個案數,發生率,個案數,發生率,個案數,發生率,個案數,發生率,個案數,發生率,個案數,發生率,個案數,發生率,個案數,發生率,個案數,發生率,個案數,發生率,,
,,,,0~4,,,,,,,,,,,,,,,,,,,,,,,1,,120.77,,,,,,,,,,,,,,,,,,,,,,,,
,,,,20~24,,,,,,,,,1,85.18,,,,,,,,,,,,,,,,,,,,,,,,,,,,,,,,,,,,,,,
,,,,30~34,1,110.86,,,,,,,,,,,,,,,,,,,,,,,,,,,,,,,,,,,,,,,,,,,,,,,
,,,,35~39,1,105.60,,,,,,,,,,,,,,,,,,,,,,,,,,,,,,,,,,,,,,,,,,,,,,,
,,,,40~44,,,1,115.21,,,,,,,,,,,,,,,,,,,,,,,,,,,,,,,,,,,,,,,,,,,,,
,,,,45~49,1,119.90,2,239.81,,,,,,,,,,,,1,119.90,,,,,,,,,,,,,,,,,,,,,,,,,,,,,,,,
,,,,50~54,,,,,,,,,,,,,,,,,,,,,,,,,,1,153.14,,,,,,,,,,,1,153.14,,,,,,,,,,
,,,,55~59,1,140.25,,,,,1,140.25,,,,,,,,,,,,,,,,,,,,1,140.25,1,140.25,,,,,,,,,,,1,140.25,1,140.25,,,,
,,,,60~64,1,124.69,,,,,,,,,,,,,,,,,,,,,,,,,,,,,,,,,,,,1,124.69,,,,,,,,,,
,,,,65~69,,,1,110.25,1,110.25,,,,,1,,,,110.25,,,1,110.25,1,,110.25,,,,1,110.25,2,220.51,,,1,110.25,,,,,,,1,110.25,,,,,1,110.25,,
,,,,70~74,1,135.87,1,135.87,,,,,,,1,,,,135.87,,,,,,,,,,,1,135.87,2,271.74,1,135.87,,,1,135.87,1,135.87,2,271.74,,,,,,,,,,
,,,,75~79,,,,,,,,,,,1,,,,215.05,,,3,645.16,,,,,,,,,1,215.05,1,215.05,,,,,,,,,,,,,,,,,,
,,,,85+,,,1,561.80,,,,,,,,,,,,,,,,,,,,,,,,,,,,,,1,561.80,,,,,,,,,,,,,,
,,,,,,,,,,,,,,,,,,,,,,,,,,,,,,,,,,,,,,,,,,,,,,,,,,,,,
,,,,,,,,,,,,,,,,,,,,,,,,,,,,,,,,,,,,,,,,,,,,,,,,,,,,,
,,,台灣女性每10萬人口年齡別發生率，2001年,,,,,,,,,,,,,,,,,,,,,,,,,,,,,,,,,,,,,,,,,,,,,,,,,,
,,,,,,,,,,,,,,,,,,,,,,,,,,,,,,,,,,,,,,,,,,,,,,,,,,,,,
,,,,,,,,,,,,,,,,,,,,,,,,,,,,,,,,,,,,,,,,,,,,,,,,,,,,,
,,,,診斷年齡,女性乳房,,子宮頸,,甲狀腺,,白血病,,皮膚,,卵巢、輸卵管及寬韌帶,,,,,肝及肝內膽管,,直腸與肛門,,肺、支氣管及氣管,,,胸腺、心臟與中隔,,,淋巴結,,結直腸癌,,腎盂及其他泌尿系統,,膀胱,,,,,,,,,,,,,,,,,
,,,,,個案數,發生率,個案數,發生率,個案數,發生率,個案數,發生率,個案數,發生率,個案數,,,,發生率,個案數,發生率,個案數,發生率,個案數,,發生率,個案數,,發生率,個案數,發生率,個案數,發生率,個案數,發生率,個案數,發生率,,,,,,,,,,,,,,,,
,,,,30~34,,,,,1,116.55,,,,,,,,,,,,,,,,,,,,,,,,,,,,,,,,,,,,,,,,,,,
,,,,40~44,2,225.23,1,112.61,,,,,,,,,,,,,,,,,,,1,,112.61,,,,,,,,,,,,,,,,,,,,,,,,
,,,,45~49,,,,,1,121.51,1,121.51,,,,,,,,,,,,,,,,,,,,1,121.51,,,,,,,,,,,,,,,,,,,,
,,,,50~54,,,,,,,,,,,,,,,,1,138.12,,,,,,,,,,,,,,,,,,,,,,,,,,,,,,,,
,,,,55~59,,,,,1,154.80,,,,,,,,,,,,,,,,,,,,,,,,,,,,,,,,,,,,,,,,,,,
,,,,60~64,,,,,,,,,,,,,,,,5,615.76,,,,,,,,,1,123.15,,,,,1,123.15,,,,,,,,,,,,,,,,
,,,,65~69,,,,,2,228.83,,,,,1,,,,114.42,1,114.42,,,1,,114.42,,,,,,,,,,,,,,,,,,,,,,,,,,,
,,,,70~74,1,129.37,1,129.37,,,,,,,,,,,,2,258.73,3,388.10,2,,258.73,,,,,,,,,,,,,,,,,,,,,,,,,,,
,,,,75~79,,,,,,,,,,,,,,,,2,409.84,,,1,,204.92,,,,,,,,1,204.92,,,,,,,,,,,,,,,,,,
,,,,80~84,,,,,,,,,1,317.46,,,,,,,,1,317.46,,,,,,,,,,,,,,,,,,,,,,,,,,,,,,
,,,,85+,,,,,,,,,,,,,,,,1,546.45,,,,,,,,,,,,,,,,,,,,,,,,,,,,,,,,
,,,,,,,,,,,,,,,,,,,,,,,,,,,,,,,,,,,,,,,,,,,,,,,,,,,,,
,,,,,,,,,,,,,,,,,,,,,,,,,,,,,,,,,,,,,,,,,,,,,,,,,,,,,
,,,台灣女性每10萬人口年齡別發生率，2002年,,,,,,,,,,,,,,,,,,,,,,,,,,,,,,,,,,,,,,,,,,,,,,,,,,
,,,,,,,,,,,,,,,,,,,,,,,,,,,,,,,,,,,,,,,,,,,,,,,,,,,,,
,,,,,,,,,,,,,,,,,,,,,,,,,,,,,,,,,,,,,,,,,,,,,,,,,,,,,
,,,,診斷年齡,女性乳房,,子宮頸,,白血病,,皮膚,,肝及肝內膽管,,直腸與肛門,,,,,肺、支氣管及氣管,,非何杰金氏淋巴瘤,,胃,,,結直腸癌,,,腦,,膽囊及肝外膽管,,,,,,,,,,,,,,,,,,,,,
,,,,,個案數,發生率,個案數,發生率,個案數,發生率,個案數,發生率,個案數,發生率,個案數,,,,發生率,個案數,發生率,個案數,發生率,個案數,,發生率,個案數,,發生率,個案數,發生率,個案數,發生率,,,,,,,,,,,,,,,,,,,,
,,,,15~19,,,,,,,,,1,120.92,,,,,,,,,,,,,,,,,,,,,,,,,,,,,,,,,,,,,,,
,,,,30~34,,,,,,,1,120.92,,,,,,,,,,,,,,,,,,,,,,,,,,,,,,,,,,,,,,,,,
,,,,35~39,,,,,,,,,,,,,,,,,,,,,,,,,,1,115.34,,,,,,,,,,,,,,,,,,,,,,
,,,,40~44,1,109.41,1,109.41,,,,,,,,,,,,,,,,,,,,,,,,,,,,,,,,,,,,,,,,,,,,,
,,,,45~49,1,123.92,,,,,,,,,,,,,,,,,,,,,,,,,,,,,,,,,,,,,,,,,,,,,,,
,,,,50~54,1,132.28,,,,,,,,,,,,,,,,,,,,,,,,,,,,,,,,,,,,,,,,,,,,,,,
,,,,55~59,,,1,163.67,1,163.67,,,,,,,,,,,,,,,,,,,,,,,,,,,,,,,,,,,,,,,,,,,
,,,,60~64,,,1,124.84,,,,,1,124.84,,,,,,,,,,,,,1,,124.84,1,124.84,,,,,,,,,,,,,,,,,,,,,,
,,,,65~69,,,2,222.47,,,1,111.23,,,,,,,,2,222.47,,,,,,2,,222.47,,,,,,,,,,,,,,,,,,,,,,,,
,,,,70~74,1,132.98,,,,,,,,,,,,,,,,1,132.98,,,,2,,265.96,,,,,,,,,,,,,,,,,,,,,,,,
,,,,75~79,,,,,1,194.17,1,194.17,,,1,,,,194.17,1,194.17,1,194.17,1,,194.17,1,,194.17,,,,,,,,,,,,,,,,,,,,,,,,
,,,,80~84,,,,,,,,,,,,,,,,1,301.20,,,,,,,,,,,1,301.20,,,,,,,,,,,,,,,,,,,,
,,,,85+,,,1,520.83,,,1,520.83,,,,,,,,,,,,,,,,,,,,,,,,,,,,,,,,,,,,,,,,,
,,,,,,,,,,,,,,,,,,,,,,,,,,,,,,,,,,,,,,,,,,,,,,,,,,,,,
,,,,,,,,,,,,,,,,,,,,,,,,,,,,,,,,,,,,,,,,,,,,,,,,,,,,,
,,,台灣女性每10萬人口年齡別發生率，2003年,,,,,,,,,,,,,,,,,,,,,,,,,,,,,,,,,,,,,,,,,,,,,,,,,,
,,,,,,,,,,,,,,,,,,,,,,,,,,,,,,,,,,,,,,,,,,,,,,,,,,,,,
,,,,,,,,,,,,,,,,,,,,,,,,,,,,,,,,,,,,,,,,,,,,,,,,,,,,,
,,,,診斷年齡,女性乳房,,子宮頸,,子宮體,,不明原發部位,,皮膚,,卵巢、輸卵管及寬韌帶,,,,,肝及肝內膽管,,其它淋巴瘤,,直腸與肛門,,,肺、支氣管及氣管,,,胃,,造血系統及網狀內皮系統,,結直腸癌,,結締組織、皮下組織及其他軟組織,,腎,,腎盂及其他泌尿系統,,膀胱,,鼻咽,,膽囊及肝外膽管,,,,,,,
,,,,,個案數,發生率,個案數,發生率,個案數,發生率,個案數,發生率,個案數,發生率,個案數,,,,發生率,個案數,發生率,個案數,發生率,個案數,,發生率,個案數,,發生率,個案數,發生率,個案數,發生率,個案數,發生率,個案數,發生率,個案數,發生率,個案數,發生率,個案數,發生率,個案數,發生率,個案數,發生率,,,,,,
,,,,20~24,,,,,,,,,,,1,,,,94.52,,,,,,,,,,,,,,,,,,,,,,,,,,,,,,,,,,
,,,,25~29,,,,,,,,,,,,,,,,,,,,,,,,,,,,,,,,1,102.88,,,,,,,1,102.88,,,,,,,,
,,,,35~39,1,117.92,,,,,,,,,,,,,,,,,,1,,117.92,,,,,,,,,,,,,,,,,,,,,,,,,,,
,,,,40~44,1,109.65,,,,,,,,,,,,,,,,,,,,,,,,,,,,,,,,,,,,,,,,,,,,,,,
,,,,45~49,,,,,1,123.61,,,,,,,,,,,,,,,,,,,,,,,,,,,,,,,,,,,,,,,,,,,
,,,,50~54,1,129.37,,,1,129.37,,,,,,,,,,,,,,1,,129.37,2,,258.73,,,,,2,258.73,,,,,,,,,,,,,,,,,,
,,,,55~59,,,,,,,,,1,163.13,,,,,,1,163.13,1,163.13,,,,,,,,,,,,,,,,,1,163.13,,,,,,,,,,,,
,,,,60~64,,,,,,,,,,,,,,,,1,127.55,,,1,,127.55,,,,,,,,,,,,,,,,,,,,,,,,,,,
,,,,65~69,,,,,,,,,,,,,,,,1,117.79,,,1,,117.79,2,,235.57,1,117.79,,,2,235.57,,,,,,,1,117.79,,,,,,,,,,
,,,,70~74,1,123.92,1,123.92,,,,,,,,,,,,2,247.83,,,2,,247.83,,,,,,1,123.92,,,,,1,123.92,,,,,,,,,,,,,,
,,,,75~79,,,,,,,1,186.57,,,1,,,,186.57,2,373.13,,,1,,186.57,,,,,,,,1,186.57,,,,,,,,,,,,,,,,,,
,,,,80~84,,,,,,,,,2,598.80,,,,,,2,598.80,,,,,,,,,,,,,1,299.40,,,,,,,2,598.80,,,1,299.40,,,,,,
,,,,85+,,,,,,,,,,,,,,,,,,,,,,,,,,1,480.77,,,,,,,,,,,,,,,,,,,,,,
,,,,,,,,,,,,,,,,,,,,,,,,,,,,,,,,,,,,,,,,,,,,,,,,,,,,,
,,,,,,,,,,,,,,,,,,,,,,,,,,,,,,,,,,,,,,,,,,,,,,,,,,,,,
,,,台灣女性每10萬人口年齡別發生率，2004年,,,,,,,,,,,,,,,,,,,,,,,,,,,,,,,,,,,,,,,,,,,,,,,,,,
,,,,,,,,,,,,,,,,,,,,,,,,,,,,,,,,,,,,,,,,,,,,,,,,,,,,,
,,,,,,,,,,,,,,,,,,,,,,,,,,,,,,,,,,,,,,,,,,,,,,,,,,,,,
,,,,診斷年齡,女性乳房,,子宮頸,,子宮體,,小腸,,不明原發部位,,甲狀腺,,,,,白血病,,皮膚,,卵巢、輸卵管及寬韌帶,,,肝及肝內膽管,,,直腸與肛門,,肺、支氣管及氣管,,胃,,胰,,造血系統及網狀內皮系統,,結直腸癌,,腎盂及其他泌尿系統,,膀胱,,膽囊及肝外膽管,,,,,,,
,,,,,個案數,發生率,個案數,發生率,個案數,發生率,個案數,發生率,個案數,發生率,個案數,,,,發生率,個案數,發生率,個案數,發生率,個案數,,發生率,個案數,,發生率,個案數,發生率,個案數,發生率,個案數,發生率,個案數,發生率,個案數,發生率,個案數,發生率,個案數,發生率,個案數,發生率,個案數,發生率,,,,,,
,,,,15~19,,,,,,,,,,,,,,,,1,129.70,,,,,,,,,,,,,,,,,,,,,,,,,,,,,,,,
,,,,25~29,,,,,,,,,,,1,,,,99.40,,,,,,,,,,,,,,,,,,,,,,,,,,,,,,,,,,
,,,,30~34,1,130.21,,,,,,,,,,,,,,,,,,,,,,,,,,,,,,,,,,,,,,,,,,,,,,,
,,,,35~39,1,123.76,,,,,,,,,1,,,,123.76,,,,,,,,,,,,,,,,,,,,,,,,,,,,,,,,,,
,,,,40~44,3,328.59,,,,,,,,,,,,,,,,,,1,,109.53,,,,,,1,109.53,1,109.53,,,,,,,,,,,,,,,,,,
,,,,45~49,3,357.57,,,,,,,,,,,,,,,,,,,,,,,,,,,,,,,,,,,,,,,,,,,,,,,
,,,,50~54,,,,,1,121.80,,,,,,,,,,,,,,,,,,,,1,121.80,,,,,,,,,,,,,,,,,,,,,,
,,,,55~59,,,,,,,1,165.02,,,,,,,,,,,,,,,,,,,,1,165.02,,,,,,,1,165.02,,,,,1,165.02,,,,,,
,,,,60~64,1,132.80,,,,,,,,,,,,,,,,,,,,,,,,,,,,,,,,,,1,132.80,,,,,,,,,,,,
,,,,65~69,,,,,,,,,,,,,,,,,,1,120.92,,,,1,,120.92,1,120.92,2,241.84,1,120.92,,,,,,,1,120.92,,,,,,,,,,
,,,,70~74,,,,,,,,,1,119.90,,,,,,,,,,,,,1,,119.90,,,1,119.90,,,,,1,119.90,,,1,119.90,,,,,,,,,,
,,,,75~79,,,,,,,1,174.22,1,174.22,,,,,,,,1,174.22,,,,3,,522.65,,,1,174.22,2,348.43,,,,,1,174.22,,,,,,,,,,,,
,,,,80~84,,,1,287.36,1,287.36,,,,,,,,,,,,,,,,,1,,287.36,,,,,1,287.36,1,287.36,,,,,,,,,,,,,,,,
,,,,85+,,,,,,,,,1,450.45,,,,,,,,1,450.45,,,,,,,,,,,,,1,450.45,,,1,450.45,,,1,450.45,,,,,,,,
,,,,,,,,,,,,,,,,,,,,,,,,,,,,,,,,,,,,,,,,,,,,,,,,,,,,,
,,,,,,,,,,,,,,,,,,,,,,,,,,,,,,,,,,,,,,,,,,,,,,,,,,,,,
,,,台灣女性每10萬人口年齡別發生率，2005年,,,,,,,,,,,,,,,,,,,,,,,,,,,,,,,,,,,,,,,,,,,,,,,,,,
,,,,,,,,,,,,,,,,,,,,,,,,,,,,,,,,,,,,,,,,,,,,,,,,,,,,,
,,,,,,,,,,,,,,,,,,,,,,,,,,,,,,,,,,,,,,,,,,,,,,,,,,,,,
,,,,診斷年齡,口腔癌,,女性乳房,,子宮頸,,子宮體,,不明原發部位,,白血病,,,,,皮膚,,卵巢、輸卵管及寬韌帶,,肝及肝內膽管,,,直腸與肛門,,,肺、支氣管及氣管,,非何杰金氏淋巴瘤,,胃,,胰,,結直腸癌,,結締組織、皮下組織及其他軟組織,,腎,,膀胱,,,,,,,,,
,,,,,個案數,發生率,個案數,發生率,個案數,發生率,個案數,發生率,個案數,發生率,個案數,,,,發生率,個案數,發生率,個案數,發生率,個案數,,發生率,個案數,,發生率,個案數,發生率,個案數,發生率,個案數,發生率,個案數,發生率,個案數,發生率,個案數,發生率,個案數,發生率,個案數,發生率,,,,,,,,
,,,,15~19,,,,,,,,,,,1,,,,129.03,,,,,,,,,,,,,,,,,,,,,,,,,,,,,,,,,,
,,,,20~24,,,,,,,,,,,,,,,,1,102.04,,,,,,,,,1,102.04,,,,,,,,,,,,,,,,,,,,,,
,,,,30~34,,,,,,,,,,,,,,,,,,1,138.12,,,,,,,,,,,,,,,,,,,,,,,,,,,,,,
,,,,35~39,,,,,,,,,,,,,,,,,,1,123.61,,,,,,,,,,,,,,,,,,,,,,,,,,,,,,
,,,,40~44,,,,,,,,,,,,,,,,,,,,,,,1,,109.17,,,,,,,,,,,,,,,,,,,,,,,,
,,,,45~49,,,,,,,,,,,,,,,,,,,,,,,,,,,,,,,,,,,,,,1,116.69,,,,,,,,,,
,,,,50~54,,,1,121.21,,,,,,,,,,,,,,,,1,,121.21,,,,1,121.21,,,,,,,,,,,,,,,,,,,,,,
,,,,55~59,,,1,154.80,,,1,154.80,,,,,,,,,,,,2,,309.60,,,,,,,,,,,,,,,,,,,,,,,,,,,
,,,,60~64,,,,,,,,,,,,,,,,,,,,1,,139.28,,,,,,,,1,139.28,,,1,139.28,,,,,,,,,,,,,,
,,,,65~69,1,127.39,,,1,127.39,,,,,,,,,,,,,,,,,,,,,,,,1,127.39,1,127.39,1,127.39,1,127.39,,,,,,,,,,,,
,,,,70~74,,,,,,,,,,,,,,,,,,,,,,,1,,119.19,1,119.19,1,119.19,,,,,1,119.19,,,,,1,119.19,,,,,,,,
,,,,75~79,,,,,,,,,1,161.81,,,,,,1,161.81,,,1,,161.81,2,,323.62,1,161.81,,,,,1,161.81,,,,,,,1,161.81,,,,,,,,
,,,,80~84,,,,,,,,,1,289.02,,,,,,2,578.03,,,,,,,,,,,,,1,289.02,1,289.02,2,578.03,,,,,,,,,,,,,,
,,,,85+,,,,,,,,,,,,,,,,1,423.73,,,,,,,,,2,847.46,,,,,,,,,,,,,,,,,,,,,,
,,,,,,,,,,,,,,,,,,,,,,,,,,,,,,,,,,,,,,,,,,,,,,,,,,,,,
,,,,,,,,,,,,,,,,,,,,,,,,,,,,,,,,,,,,,,,,,,,,,,,,,,,,,
,,,台灣女性每10萬人口年齡別發生率，2006年,,,,,,,,,,,,,,,,,,,,,,,,,,,,,,,,,,,,,,,,,,,,,,,,,,
,,,,,,,,,,,,,,,,,,,,,,,,,,,,,,,,,,,,,,,,,,,,,,,,,,,,,
,,,,,,,,,,,,,,,,,,,,,,,,,,,,,,,,,,,,,,,,,,,,,,,,,,,,,
,,,,診斷年齡,口腔癌,,女性乳房,,子宮頸,,不明原發部位,,主唾液腺,,甲狀腺,,,,,白血病,,皮膚,,卵巢、輸卵管及寬韌帶,,,肝及肝內膽管,,,直腸與肛門,,肺、支氣管及氣管,,非何杰金氏淋巴瘤,,胰,,結直腸癌,,腎盂及其他泌尿系統,,腦,,,,,,,,,,,
,,,,,個案數,發生率,個案數,發生率,個案數,發生率,個案數,發生率,個案數,發生率,個案數,,,,發生率,個案數,發生率,個案數,發生率,個案數,,發生率,個案數,,發生率,個案數,發生率,個案數,發生率,個案數,發生率,個案數,發生率,個案數,發生率,個案數,發生率,個案數,發生率,,,,,,,,,,
,,,,20~24,,,,,,,,,,,,,,,,,,,,,,,1,,107.30,,,,,,,,,,,,,,,,,,,,,,,,
,,,,40~44,,,2,222.97,,,,,,,,,,,,,,,,,,,,,,,,,,,,,,,,,,1,111.48,,,,,,,,,,
,,,,45~49,,,1,112.11,,,,,,,,,,,,,,,,,,,,,,,,1,112.11,,,,,,,,,,,,,,,,,,,,
,,,,50~54,,,,,1,121.80,,,,,,,,,,,,1,121.80,,,,,,,,,1,121.80,,,,,1,121.80,,,,,,,,,,,,,,
,,,,55~59,,,1,139.47,,,1,139.47,,,,,,,,,,,,,,,,,,,,1,139.47,1,139.47,1,139.47,1,139.47,,,,,,,,,,,,,,
,,,,60~64,,,,,,,,,,,,,,,,,,,,,,,,,,1,156.01,1,156.01,,,,,1,156.01,,,,,,,,,,,,,,
,,,,65~69,,,,,,,,,,,,,,,,,,1,125.94,,,,,,,,,,,,,,,,,,,,,,,,,,,,,,
,,,,70~74,1,123.00,1,123.00,,,,,1,123.00,1,,,,123.00,,,,,,,,,,,,,1,123.00,,,,,1,123.00,2,246.00,,,,,,,,,,,,
,,,,75~79,,,,,,,,,,,,,,,,,,,,,,,,,,,,1,152.67,,,,,,,1,152.67,,,,,,,,,,,,
,,,,80~84,,,1,279.33,,,,,,,,,,,,2,558.66,,,1,,279.33,,,,,,1,279.33,,,,,2,558.66,,,,,,,,,,,,,,
,,,,85+,,,,,,,,,,,,,,,,,,3,1149.43,,,,1,,383.14,,,,,,,1,383.14,,,,,,,,,,,,,,,,
,,,,,,,,,,,,,,,,,,,,,,,,,,,,,,,,,,,,,,,,,,,,,,,,,,,,,
,,,,,,,,,,,,,,,,,,,,,,,,,,,,,,,,,,,,,,,,,,,,,,,,,,,,,
,,,台灣女性每10萬人口年齡別發生率，2007年,,,,,,,,,,,,,,,,,,,,,,,,,,,,,,,,,,,,,,,,,,,,,,,,,,
,,,,,,,,,,,,,,,,,,,,,,,,,,,,,,,,,,,,,,,,,,,,,,,,,,,,,
,,,,,,,,,,,,,,,,,,,,,,,,,,,,,,,,,,,,,,,,,,,,,,,,,,,,,
,,,,診斷年齡,口腔癌,,女性乳房,,子宮頸,,子宮體,,甲狀腺,,皮膚,,,,,肝及肝內膽管,,直腸與肛門,,肺、支氣管及氣管,,,非何杰金氏淋巴瘤,,,後腹膜腔及腹膜,,胃,,骨、關節及關節軟骨,,結直腸癌,,結締組織、皮下組織及其他軟組織,,腎,,腦,,鼻咽,,,,,,,,,
,,,,,個案數,發生率,個案數,發生率,個案數,發生率,個案數,發生率,個案數,發生率,個案數,,,,發生率,個案數,發生率,個案數,發生率,個案數,,發生率,個案數,,發生率,個案數,發生率,個案數,發生率,個案數,發生率,個案數,發生率,個案數,發生率,個案數,發生率,個案數,發生率,個案數,發生率,,,,,,,,
,,,,25~29,,,,,,,,,,,,,,,,,,,,,,,,,,,,,,1,100.00,,,,,,,,,,,,,,,,,,
,,,,40~44,1,116.01,1,116.01,1,116.01,,,1,116.01,,,,,,,,,,,,,,,,,,,,,,,,,,,,,,1,116.01,,,,,,,,
,,,,45~49,,,,,1,108.34,,,,,,,,,,,,1,108.34,,,,,,,,,,,,,,,,,,,,,,,,,,,,,,
,,,,50~54,,,1,121.80,1,121.80,,,,,,,,,,1,121.80,,,,,,,,,,,,,,,,,,,,,,,,,,,,,,,,
,,,,55~59,,,,,,,,,1,134.23,,,,,,,,,,,,,,,,,,,,,,,,,,,,,,,,,,,,,,,
,,,,60~64,,,3,483.09,,,,,,,,,,,,2,322.06,,,,,,,,,,,,,,,1,161.03,,,,,,,,,,,,,,,,
,,,,65~69,1,129.53,,,,,,,,,2,,,,259.07,2,259.07,2,259.07,1,,129.53,,,,2,259.07,,,,,1,129.53,1,129.53,1,129.53,1,129.53,,,,,,,,,,
,,,,70~74,,,,,,,,,,,,,,,,2,238.95,1,119.47,,,,,,,,,1,119.47,,,,,,,,,,,1,119.47,,,,,,,,
,,,,75~79,,,,,1,153.85,1,153.85,,,,,,,,2,307.69,,,1,,153.85,,,,,,1,153.85,,,,,,,,,,,,,,,,,,,,
,,,,80~84,,,,,,,,,,,1,,,,261.78,,,,,1,,261.78,1,,261.78,,,,,,,,,,,,,,,,,,,,,,,,
,,,,85+,,,,,,,,,,,1,,,,355.87,1,355.87,,,,,,,,,,,,,,,,,,,,,,,,,,,,,,,,
,,,,,,,,,,,,,,,,,,,,,,,,,,,,,,,,,,,,,,,,,,,,,,,,,,,,,
,,,,,,,,,,,,,,,,,,,,,,,,,,,,,,,,,,,,,,,,,,,,,,,,,,,,,
,,,台灣女性每10萬人口年齡別發生率，2008年,,,,,,,,,,,,,,,,,,,,,,,,,,,,,,,,,,,,,,,,,,,,,,,,,,
,,,,,,,,,,,,,,,,,,,,,,,,,,,,,,,,,,,,,,,,,,,,,,,,,,,,,
,,,,,,,,,,,,,,,,,,,,,,,,,,,,,,,,,,,,,,,,,,,,,,,,,,,,,
,,,,診斷年齡,口腔癌,,女性乳房,,子宮頸,,子宮體,,小腸,,不明原發部位,,,,,甲狀腺,,白血病,,皮膚,,,卵巢、輸卵管及寬韌帶,,,肝及肝內膽管,,直腸與肛門,,肺、支氣管及氣管,,非何杰金氏淋巴瘤,,胃,,胰,,結直腸癌,,腎盂及其他泌尿系統,,膀胱,,鼻咽,,鼻腔、中耳及副鼻竇,,,
,,,,,個案數,發生率,個案數,發生率,個案數,發生率,個案數,發生率,個案數,發生率,個案數,,,,發生率,個案數,發生率,個案數,發生率,個案數,,發生率,個案數,,發生率,個案數,發生率,個案數,發生率,個案數,發生率,個案數,發生率,個案數,發生率,個案數,發生率,個案數,發生率,個案數,發生率,個案數,發生率,個案數,發生率,個案數,發生率,,
,,,,35~39,,,,,,,,,,,,,,,,,,,,,,,,,,,,,,,,1,138.31,,,,,,,,,,,,,,,,
,,,,40~44,,,3,360.14,,,,,,,,,,,,,,,,,,,,,,1,120.05,1,120.05,,,,,1,120.05,,,,,,,,,2,240.10,,,,
,,,,45~49,,,1,105.49,,,,,,,,,,,,,,,,,,,,,,1,105.49,,,,,,,,,,,,,,,,,,,,,,
,,,,50~54,,,1,122.10,2,244.20,1,122.10,,,,,,,,,,,,,,,,,,,,,,,,,,,,,,,,,,,,,,,,,
,,,,55~59,,,1,127.39,,,,,1,127.39,,,,,,2,254.78,,,,,,1,,127.39,,,,,,,,,,,,,,,,,,,,,,,,
,,,,60~64,,,1,160.00,1,160.00,,,,,,,,,,,,,,,,,,,,,,,,2,320.00,,,,,,,,,,,,,,,1,160.00,,
,,,,65~69,1,132.10,1,132.10,,,,,,,,,,,,1,132.10,1,132.10,,,,,,,1,132.10,,,,,,,1,132.10,,,1,132.10,1,132.10,1,132.10,,,,,,
,,,,70~74,,,1,126.90,,,,,,,,,,,,,,,,,,,,,,1,126.90,,,3,380.71,,,,,1,126.90,1,126.90,1,126.90,,,,,,,,
,,,,75~79,,,,,,,1,141.84,,,1,,,,141.84,,,1,141.84,1,,141.84,,,,,,,,,,,,,,,,2,283.69,,,1,141.84,,,,,,
,,,,80~84,,,,,,,,,,,,,,,,,,,,,,,,,,,,,,,,,,1,246.31,,,1,246.31,,,,,,,,,,
,,,,85+,,,,,,,,,,,,,,,,,,,,1,,341.30,,,,,,,,1,341.30,,,,,,,,,,,,,,,,,,
,,,,,,,,,,,,,,,,,,,,,,,,,,,,,,,,,,,,,,,,,,,,,,,,,,,,,
,,,,,,,,,,,,,,,,,,,,,,,,,,,,,,,,,,,,,,,,,,,,,,,,,,,,,
,,,台灣女性每10萬人口年齡別發生率，2009年,,,,,,,,,,,,,,,,,,,,,,,,,,,,,,,,,,,,,,,,,,,,,,,,,,
,,,,,,,,,,,,,,,,,,,,,,,,,,,,,,,,,,,,,,,,,,,,,,,,,,,,,
,,,,,,,,,,,,,,,,,,,,,,,,,,,,,,,,,,,,,,,,,,,,,,,,,,,,,
,,,,診斷年齡,女性乳房,,子宮頸,,子宮體,,主唾液腺,,甲狀腺,,白血病,,,,,皮膚,,卵巢、輸卵管及寬韌帶,,肝及肝內膽管,,,直腸與肛門,,,肺、支氣管及氣管,,非何杰金氏淋巴瘤,,胃,,胰,,結直腸癌,,結締組織、皮下組織及其他軟組織,,腎盂及其他泌尿系統,,膀胱,,膽囊及肝外膽管,,,,,,,
,,,,,個案數,發生率,個案數,發生率,個案數,發生率,個案數,發生率,個案數,發生率,個案數,,,,發生率,個案數,發生率,個案數,發生率,個案數,,發生率,個案數,,發生率,個案數,發生率,個案數,發生率,個案數,發生率,個案數,發生率,個案數,發生率,個案數,發生率,個案數,發生率,個案數,發生率,個案數,發生率,,,,,,
,,,,15~19,,,,,,,,,1,140.45,,,,,,,,,,,,,,,,,,,,,,,,,,,,,,,,,,,,,,,
,,,,30~34,,,,,,,,,1,123.15,,,,,,,,,,,,,,,,,,,,,,,,,,,,,,,,,,,,,,,
,,,,40~44,2,246.00,,,,,,,1,123.00,,,,,,,,,,,,,,,,,,1,123.00,,,,,,,,,,,,,,,,,,,,
,,,,45~49,1,106.38,,,,,1,106.38,,,,,,,,,,1,106.38,,,,1,,106.38,,,,,1,106.38,,,,,,,1,106.38,,,,,,,,,,
,,,,50~54,1,117.51,,,1,117.51,,,,,1,,,,117.51,,,,,,,,,,,,,1,117.51,,,,,1,117.51,,,,,,,,,,,,,,
,,,,55~59,,,,,,,,,,,,,,,,,,,,,,,1,,121.36,1,121.36,,,,,,,2,242.72,1,121.36,,,,,,,,,,,,
,,,,60~64,2,326.80,,,,,,,,,,,,,,,,,,,,,,,,,,,,1,163.40,,,,,,,,,,,,,,,,,,
,,,,65~69,,,2,273.97,,,,,,,,,,,,1,136.99,1,136.99,1,,136.99,1,,136.99,1,136.99,1,136.99,,,,,1,136.99,,,2,273.97,,,,,,,,,,
,,,,70~74,,,,,,,,,,,,,,,,1,130.21,,,2,,260.42,1,,130.21,2,260.42,,,,,,,1,130.21,,,,,,,1,130.21,,,,,,
,,,,75~79,,,1,136.24,,,,,,,,,,,,,,,,1,,136.24,2,,272.48,2,272.48,2,272.48,,,,,1,136.24,,,1,136.24,,,,,,,,,,
,,,,80~84,,,1,219.78,,,,,,,,,,,,,,,,,,,1,,219.78,3,659.34,,,1,219.78,1,219.78,1,219.78,,,,,,,,,,,,,,
,,,,85+,,,1,330.03,,,,,,,,,,,,2,660.07,,,,,,,,,,,,,,,,,,,,,,,1,330.03,,,,,,,,
,,,,,,,,,,,,,,,,,,,,,,,,,,,,,,,,,,,,,,,,,,,,,,,,,,,,,
,,,,,,,,,,,,,,,,,,,,,,,,,,,,,,,,,,,,,,,,,,,,,,,,,,,,,
,,,台灣女性每10萬人口年齡別發生率，2010年,,,,,,,,,,,,,,,,,,,,,,,,,,,,,,,,,,,,,,,,,,,,,,,,,,
,,,,,,,,,,,,,,,,,,,,,,,,,,,,,,,,,,,,,,,,,,,,,,,,,,,,,
,,,,,,,,,,,,,,,,,,,,,,,,,,,,,,,,,,,,,,,,,,,,,,,,,,,,,
,,,,診斷年齡,口腔癌,,女性乳房,,子宮頸,,子宮體,,甲狀腺,,白血病,,,,,皮膚,,卵巢、輸卵管及寬韌帶,,肝及肝內膽管,,,直腸與肛門,,,肺、支氣管及氣管,,非何杰金氏淋巴瘤,,胃,,結直腸癌,,腎盂及其他泌尿系統,,鼻咽,,,,,,,,,,,,,
,,,,,個案數,發生率,個案數,發生率,個案數,發生率,個案數,發生率,個案數,發生率,個案數,,,,發生率,個案數,發生率,個案數,發生率,個案數,,發生率,個案數,,發生率,個案數,發生率,個案數,發生率,個案數,發生率,個案數,發生率,個案數,發生率,個案數,發生率,,,,,,,,,,,,
,,,,5~9,,,,,,,,,,,,,,,,,,,,,,,,,,,,1,202.84,,,,,,,,,,,,,,,,,,,,
,,,,10~14,,,,,,,,,,,1,,,,182.48,,,,,,,,,,,,,,,,,,,,,,,,,,,,,,,,,,
,,,,20~24,,,,,,,,,1,127.55,,,,,,,,,,,,,,,,,,,,,,,,,,,,,,,,,,,,,,,
,,,,25~29,1,110.13,,,,,,,,,,,,,,,,,,,,,,,,,,,,,,,,,,,,,,,,,,,,,,,
,,,,35~39,,,2,300.75,,,,,,,,,,,,,,,,,,,,,,,,,,,,,,,,,,,,,,,,,,,,,
,,,,45~49,,,1,106.95,1,106.95,1,106.95,,,,,,,,,,1,106.95,,,,,,,,,,,,,1,106.95,,,,,,,,,,,,,,,,
,,,,50~54,,,1,114.81,,,,,1,114.81,,,,,,,,,,,,,1,,114.81,,,,,,,,,,,,,,,,,,,,,,,,
,,,,55~59,,,1,119.76,,,,,1,119.76,,,,,,,,,,,,,,,,,,,,1,119.76,,,,,1,119.76,,,,,,,,,,,,
,,,,60~64,,,2,306.75,,,,,,,,,,,,1,153.37,,,2,,306.75,,,,1,153.37,,,1,153.37,1,153.37,,,,,,,,,,,,,,,,
,,,,65~69,,,1,143.88,,,,,,,,,,,,1,143.88,,,2,,287.77,,,,,,,,,,,,,,,,,,,,,,,,,,,
,,,,70~74,,,1,137.36,,,,,,,,,,,,2,274.73,,,1,,137.36,1,,137.36,1,137.36,,,,,3,412.09,1,137.36,,,,,,,,,,,,,,
,,,,75~79,,,,,,,,,,,,,,,,1,134.23,,,2,,268.46,1,,134.23,2,268.46,,,,,3,402.68,,,,,,,,,,,,,,,,
,,,,80~84,,,,,,,,,,,,,,,,3,588.24,,,,,,1,,196.08,2,392.16,,,,,,,,,,,,,,,,,,,,,,
,,,,85+,,,,,,,,,,,,,,,,2,636.94,,,1,,318.47,1,,318.47,2,636.94,,,1,318.47,,,,,,,,,,,,,,,,,,
,,,,,,,,,,,,,,,,,,,,,,,,,,,,,,,,,,,,,,,,,,,,,,,,,,,,,
,,,,,,,,,,,,,,,,,,,,,,,,,,,,,,,,,,,,,,,,,,,,,,,,,,,,,
